estado_original,eventos,con_llegada,sin_llegada,tratamiento_actual,definicion_pendiente
Cancelada,1764,0,1764,Conservar etiqueta original; contabilizar por separado,"Regla operativa, si es terminal y pertenencia al denominador de asistencia/cancelación"
Cancelada a tiempo,18147,4,18143,Conservar etiqueta original; contabilizar por separado,"Regla operativa, si es terminal y pertenencia al denominador de asistencia/cancelación"
Cancelada con excusa,784,16,768,Conservar etiqueta original; contabilizar por separado,"Regla operativa, si es terminal y pertenencia al denominador de asistencia/cancelación"
Cancelada por sanción,2523,8,2515,Conservar etiqueta original; contabilizar por separado,"Regla operativa, si es terminal y pertenencia al denominador de asistencia/cancelación"
Cancelada y sancionada,286,0,286,Conservar etiqueta original; contabilizar por separado,"Regla operativa, si es terminal y pertenencia al denominador de asistencia/cancelación"
Cola cancelada por reservación,4603,4,4599,Conservar etiqueta original; contabilizar por separado,"Regla operativa, si es terminal y pertenencia al denominador de asistencia/cancelación"
En cola,10215,0,10215,Conservar etiqueta original; contabilizar por separado,"Regla operativa, si es terminal y pertenencia al denominador de asistencia/cancelación"
En ejecución,307,307,0,Conservar etiqueta original; contabilizar por separado,"Regla operativa, si es terminal y pertenencia al denominador de asistencia/cancelación"
Finalizada,38541,38533,8,Conservar original; campo analítico Atendida según R01,Diferencia técnica oficial y denominador elegible; equivalencia de trabajo aportada por María Alejandra
No asistió,5086,9,5077,Conservar etiqueta original; contabilizar por separado,"Regla operativa, si es terminal y pertenencia al denominador de asistencia/cancelación"
Realizada,4105,4105,0,Conservar original; campo analítico Atendida según R01,Diferencia técnica oficial y denominador elegible; equivalencia de trabajo aportada por María Alejandra
Reservada,201,154,47,Conservar etiqueta original; contabilizar por separado,"Regla operativa, si es terminal y pertenencia al denominador de asistencia/cancelación"
