grupo,archivo,hoja,periodo,filas,variables
Encuesta Express,data/bronce/Bookeau/Encuesta Express/Encuesta Estudiante Express 201620.xlsx,Respuestas,201620,0,33
Encuesta Express,data/bronce/Bookeau/Encuesta Express/Encuesta Estudiante Express 201710.xlsx,Respuestas,201710,781,33
Encuesta Express,data/bronce/Bookeau/Encuesta Express/Encuesta Estudiante Express 201719.xlsx,Respuestas,201719,10,33
Encuesta Express,data/bronce/Bookeau/Encuesta Express/Encuesta Estudiante Express 201720.xlsx,Respuestas,201720,487,33
Encuesta Express,data/bronce/Bookeau/Encuesta Express/Encuesta Estudiante Express 201810.xlsx,Respuestas,201810,498,33
Encuesta Express,data/bronce/Bookeau/Encuesta Express/Encuesta Estudiante Express 201819.xlsx,Respuestas,201819,17,33
Encuesta Express,data/bronce/Bookeau/Encuesta Express/Encuesta Estudiante Express 201820.xlsx,Respuestas,201820,594,33
Encuesta Express,data/bronce/Bookeau/Encuesta Express/Encuesta Estudiante Express 201910.xlsx,Respuestas,201910,614,33
Encuesta Express,data/bronce/Bookeau/Encuesta Express/Encuesta Estudiante Express 201919.xlsx,Respuestas,201919,21,33
Encuesta Express,data/bronce/Bookeau/Encuesta Express/Encuesta Estudiante Express 201920.xlsx,Respuestas,201920,381,33
Encuesta Express,data/bronce/Bookeau/Encuesta Express/Encuesta Estudiante Express 202010.xlsx,Respuestas,202010,22,33
Encuesta Express,data/bronce/Bookeau/Encuesta Express/Encuesta Estudiante Express 202019.xlsx,Respuestas,202019,6,33
Encuesta Express,data/bronce/Bookeau/Encuesta Express/Encuesta Estudiante Express 202020.xlsx,Respuestas,202020,10,33
Encuesta Express,data/bronce/Bookeau/Encuesta Express/Encuesta Estudiante Express 202110.xlsx,Respuestas,202110,30,33
Encuesta Express,data/bronce/Bookeau/Encuesta Express/Encuesta Estudiante Express 202119.xlsx,Respuestas,202119,2,33
Encuesta Express,data/bronce/Bookeau/Encuesta Express/Encuesta Estudiante Express 202120.xlsx,Respuestas,202120,76,33
Encuesta Express,data/bronce/Bookeau/Encuesta Express/Encuesta Estudiante Express 202210.xlsx,Respuestas,202210,35,33
Encuesta Express,data/bronce/Bookeau/Encuesta Express/Encuesta Estudiante Express 202219.xlsx,Respuestas,202219,0,33
Encuesta Express,data/bronce/Bookeau/Encuesta Express/Encuesta Estudiante Express 202220.xlsx,Respuestas,202220,26,33
Encuesta Express,data/bronce/Bookeau/Encuesta Express/Encuesta Estudiante Express 202310.xlsx,Respuestas,202310,131,33
Encuesta Express,data/bronce/Bookeau/Encuesta Express/Encuesta Estudiante Express 202319.xlsx,Respuestas,202319,0,33
Encuesta Express,data/bronce/Bookeau/Encuesta Express/Encuesta Estudiante Express 202320.xlsx,Respuestas,202320,780,33
Encuesta Express,data/bronce/Bookeau/Encuesta Express/Encuesta Estudiante Express 202410.xlsx,Respuestas,202410,698,33
Encuesta Express,data/bronce/Bookeau/Encuesta Express/Encuesta Estudiante Express 202419.xlsx,Respuestas,202419,0,33
Encuesta Express,data/bronce/Bookeau/Encuesta Express/Encuesta Estudiante Express 202420.xlsx,Respuestas,202420,696,33
Encuesta Express,data/bronce/Bookeau/Encuesta Express/Encuesta Estudiante Express 202510.xlsx,Respuestas,202510,461,33
Encuesta Express,data/bronce/Bookeau/Encuesta Express/Encuesta Estudiante Express 202519.xlsx,Respuestas,202519,0,33
Encuesta Express,data/bronce/Bookeau/Encuesta Express/Encuesta Estudiante Express 202520.xlsx,Respuestas,202520,102,33
Encuesta Express,data/bronce/Bookeau/Encuesta Express/Encuesta Estudiante Express 202610.xlsx,Respuestas,202610,281,33
Encuesta Normal,data/bronce/Bookeau/Encuesta Normal/Encuesta Estudiante Normal 201620.xlsx,Respuestas,201620,1309,35
Encuesta Normal,data/bronce/Bookeau/Encuesta Normal/Encuesta Estudiante Normal 201710.xlsx,Respuestas,201710,1320,35
Encuesta Normal,data/bronce/Bookeau/Encuesta Normal/Encuesta Estudiante Normal 201719.xlsx,Respuestas,201719,38,35
Encuesta Normal,data/bronce/Bookeau/Encuesta Normal/Encuesta Estudiante Normal 201720.xlsx,Respuestas,201720,1118,35
Encuesta Normal,data/bronce/Bookeau/Encuesta Normal/Encuesta Estudiante Normal 201810.xlsx,Respuestas,201810,1268,35
Encuesta Normal,data/bronce/Bookeau/Encuesta Normal/Encuesta Estudiante Normal 201819.xlsx,Respuestas,201819,44,35
Encuesta Normal,data/bronce/Bookeau/Encuesta Normal/Encuesta Estudiante Normal 201820.xlsx,Respuestas,201820,1251,35
Encuesta Normal,data/bronce/Bookeau/Encuesta Normal/Encuesta Estudiante Normal 201910.xlsx,Respuestas,201910,1175,35
Encuesta Normal,data/bronce/Bookeau/Encuesta Normal/Encuesta Estudiante Normal 201919.xlsx,Respuestas,201919,40,35
Encuesta Normal,data/bronce/Bookeau/Encuesta Normal/Encuesta Estudiante Normal 201920.xlsx,Respuestas,201920,917,35
Encuesta Normal,data/bronce/Bookeau/Encuesta Normal/Encuesta Estudiante Normal 202010.xlsx,Respuestas,202010,103,35
Encuesta Normal,data/bronce/Bookeau/Encuesta Normal/Encuesta Estudiante Normal 202019.xlsx,Respuestas,202019,21,35
Encuesta Normal,data/bronce/Bookeau/Encuesta Normal/Encuesta Estudiante Normal 202020.xlsx,Respuestas,202020,31,35
Encuesta Normal,data/bronce/Bookeau/Encuesta Normal/Encuesta Estudiante Normal 202110.xlsx,Respuestas,202110,96,35
Encuesta Normal,data/bronce/Bookeau/Encuesta Normal/Encuesta Estudiante Normal 202119.xlsx,Respuestas,202119,12,35
Encuesta Normal,data/bronce/Bookeau/Encuesta Normal/Encuesta Estudiante Normal 202120.xlsx,Respuestas,202120,170,35
Encuesta Normal,data/bronce/Bookeau/Encuesta Normal/Encuesta Estudiante Normal 202210.xlsx,Respuestas,202210,186,35
Encuesta Normal,data/bronce/Bookeau/Encuesta Normal/Encuesta Estudiante Normal 202219.xlsx,Respuestas,202219,0,35
Encuesta Normal,data/bronce/Bookeau/Encuesta Normal/Encuesta Estudiante Normal 202220.xlsx,Respuestas,202220,155,35
Encuesta Normal,data/bronce/Bookeau/Encuesta Normal/Encuesta Estudiante Normal 202310.xlsx,Respuestas,202310,277,35
Encuesta Normal,data/bronce/Bookeau/Encuesta Normal/Encuesta Estudiante Normal 202319.xlsx,Respuestas,202319,93,35
Encuesta Normal,data/bronce/Bookeau/Encuesta Normal/Encuesta Estudiante Normal 202320.xlsx,Respuestas,202320,1520,35
Encuesta Normal,data/bronce/Bookeau/Encuesta Normal/Encuesta Estudiante Normal 202410.xlsx,Respuestas,202410,1505,35
Encuesta Normal,data/bronce/Bookeau/Encuesta Normal/Encuesta Estudiante Normal 202419.xlsx,Respuestas,202419,73,35
Encuesta Normal,data/bronce/Bookeau/Encuesta Normal/Encuesta Estudiante Normal 202420.xlsx,Respuestas,202420,1433,35
Encuesta Normal,data/bronce/Bookeau/Encuesta Normal/Encuesta Estudiante Normal 202510.xlsx,Respuestas,202510,1203,35
Encuesta Normal,data/bronce/Bookeau/Encuesta Normal/Encuesta Estudiante Normal 202519.xlsx,Respuestas,202519,19,35
Encuesta Normal,data/bronce/Bookeau/Encuesta Normal/Encuesta Estudiante Normal 202520.xlsx,Respuestas,202520,318,35
Encuesta Normal,data/bronce/Bookeau/Encuesta Normal/Encuesta Estudiante Normal 202610.xlsx,Respuestas,202610,684,35
Encuesta Reserva Express,data/bronce/Bookeau/Encuesta Reserva Express/Encuesta Reserva Express IP 201920.xlsx,Respuestas,201920,106,22
Encuesta Reserva Express,data/bronce/Bookeau/Encuesta Reserva Express/Encuesta Reserva Express IP 202010.xlsx,Respuestas,202010,1056,22
Encuesta Reserva Express,data/bronce/Bookeau/Encuesta Reserva Express/Encuesta Reserva Express IP 202020.xlsx,Respuestas,202020,1048,22
Encuesta Reserva Express,data/bronce/Bookeau/Encuesta Reserva Express/Encuesta Reserva Express IP 202110.xlsx,Respuestas,202110,1157,22
Encuesta Reserva Express,data/bronce/Bookeau/Encuesta Reserva Express/Encuesta Reserva Express IP 202120.xlsx,Respuestas,202120,1065,22
Encuesta Reserva Express,data/bronce/Bookeau/Encuesta Reserva Express/Encuesta Reserva Express IP 202210.xlsx,Respuestas,202210,837,22
Encuesta Reserva Express,data/bronce/Bookeau/Encuesta Reserva Express/Encuesta Reserva Express IP 202220.xlsx,Respuestas,202220,1041,22
Encuesta Reserva Express,data/bronce/Bookeau/Encuesta Reserva Express/Encuesta Reserva Express IP 202310.xlsx,Respuestas,202310,1312,22
Encuesta Reserva Express,data/bronce/Bookeau/Encuesta Reserva Express/Encuesta Reserva Express IP 202320.xlsx,Respuestas,202320,1517,22
Encuesta Reserva Express,data/bronce/Bookeau/Encuesta Reserva Express/Encuesta Reserva Express IP 202410.xlsx,Respuestas,202410,1340,22
Encuesta Reserva Express,data/bronce/Bookeau/Encuesta Reserva Express/Encuesta Reserva Express IP 202420.xlsx,Respuestas,202420,1359,22
Encuesta Reserva Express,data/bronce/Bookeau/Encuesta Reserva Express/Encuesta Reserva Express IP 202510.xlsx,Respuestas,202510,862,22
Encuesta Reserva Express,data/bronce/Bookeau/Encuesta Reserva Express/Encuesta Reserva Express IP 202520.xlsx,Respuestas,202520,570,22
Encuesta Reserva Express,data/bronce/Bookeau/Encuesta Reserva Express/Encuesta Reserva Express IP 202610.xlsx,Respuestas,202610,545,22
Encuesta Reserva Normal IP,data/bronce/Bookeau/Encuesta Reserva Normal IP/Encuesta Reserva Normal IP 201920.xlsx,Respuestas,201920,157,22
Encuesta Reserva Normal IP,data/bronce/Bookeau/Encuesta Reserva Normal IP/Encuesta Reserva Normal IP 202010.xlsx,Respuestas,202010,1691,22
Encuesta Reserva Normal IP,data/bronce/Bookeau/Encuesta Reserva Normal IP/Encuesta Reserva Normal IP 202020.xlsx,Respuestas,202020,1955,22
Encuesta Reserva Normal IP,data/bronce/Bookeau/Encuesta Reserva Normal IP/Encuesta Reserva Normal IP 202110.xlsx,Respuestas,202110,2274,22
Encuesta Reserva Normal IP,data/bronce/Bookeau/Encuesta Reserva Normal IP/Encuesta Reserva Normal IP 202120.xlsx,Respuestas,202120,1693,22
Encuesta Reserva Normal IP,data/bronce/Bookeau/Encuesta Reserva Normal IP/Encuesta Reserva Normal IP 202210.xlsx,Respuestas,202210,2220,22
Encuesta Reserva Normal IP,data/bronce/Bookeau/Encuesta Reserva Normal IP/Encuesta Reserva Normal IP 202220.xlsx,Respuestas,202220,2170,22
Encuesta Reserva Normal IP,data/bronce/Bookeau/Encuesta Reserva Normal IP/Encuesta Reserva Normal IP 202310.xlsx,Respuestas,202310,2212,22
Encuesta Reserva Normal IP,data/bronce/Bookeau/Encuesta Reserva Normal IP/Encuesta Reserva Normal IP 202320.xlsx,Respuestas,202320,2010,22
Encuesta Reserva Normal IP,data/bronce/Bookeau/Encuesta Reserva Normal IP/Encuesta Reserva Normal IP 202410.xlsx,Respuestas,202410,2228,22
Encuesta Reserva Normal IP,data/bronce/Bookeau/Encuesta Reserva Normal IP/Encuesta Reserva Normal IP 202420.xlsx,Respuestas,202420,2302,22
Encuesta Reserva Normal IP,data/bronce/Bookeau/Encuesta Reserva Normal IP/Encuesta Reserva Normal IP 202520.xlsx,Respuestas,202520,1402,22
Encuesta Reserva Normal IP,data/bronce/Bookeau/Encuesta Reserva Normal IP/Encuesta Reserva Normal IP 202610.xlsx,Respuestas,202610,1123,22
Reservas,data/bronce/Bookeau/Reservas/Reservas201620.xlsx,Citas,201620,2846,17
Reservas,data/bronce/Bookeau/Reservas/Reservas201710.xlsx,Citas,201710,3930,17
Reservas,data/bronce/Bookeau/Reservas/Reservas201719.xlsx,Citas,201719,80,17
Reservas,data/bronce/Bookeau/Reservas/Reservas201720.xlsx,Citas,201720,3372,17
Reservas,data/bronce/Bookeau/Reservas/Reservas201810.xlsx,Citas,201810,3821,17
Reservas,data/bronce/Bookeau/Reservas/Reservas201819.xlsx,Citas,201819,132,17
Reservas,data/bronce/Bookeau/Reservas/Reservas201820.xlsx,Citas,201820,4002,17
Reservas,data/bronce/Bookeau/Reservas/Reservas201910.xlsx,Citas,201910,4495,17
Reservas,data/bronce/Bookeau/Reservas/Reservas201919.xlsx,Citas,201919,106,17
Reservas,data/bronce/Bookeau/Reservas/Reservas201920.xlsx,Citas,201920,3471,17
Reservas,data/bronce/Bookeau/Reservas/Reservas202010.xlsx,Citas,202010,4287,17
Reservas,data/bronce/Bookeau/Reservas/Reservas202019.xlsx,Citas,202019,240,17
Reservas,data/bronce/Bookeau/Reservas/Reservas202020.xlsx,Citas,202020,5248,17
Reservas,data/bronce/Bookeau/Reservas/Reservas202110.xlsx,Citas,202110,6077,17
Reservas,data/bronce/Bookeau/Reservas/Reservas202119.xlsx,Citas,202119,110,17
Reservas,data/bronce/Bookeau/Reservas/Reservas202120.xlsx,Citas,202120,4596,17
Reservas,data/bronce/Bookeau/Reservas/Reservas202210.xlsx,Citas,202210,5163,17
Reservas,data/bronce/Bookeau/Reservas/Reservas202219.xlsx,Citas,202219,102,17
Reservas,data/bronce/Bookeau/Reservas/Reservas202220.xlsx,Citas,202220,5563,17
Reservas,data/bronce/Bookeau/Reservas/Reservas202310.xlsx,Citas,202310,5487,17
Reservas,data/bronce/Bookeau/Reservas/Reservas202319.xlsx,Citas,202319,219,17
Reservas,data/bronce/Bookeau/Reservas/Reservas202320.xlsx,Citas,202320,5430,17
Reservas,data/bronce/Bookeau/Reservas/Reservas202410.xlsx,Citas,202410,4990,17
Reservas,data/bronce/Bookeau/Reservas/Reservas202419.xlsx,Citas,202419,147,17
Reservas,data/bronce/Bookeau/Reservas/Reservas202420.xlsx,Citas,202420,4870,17
Reservas,data/bronce/Bookeau/Reservas/Reservas202510.xlsx,Citas,202510,3452,17
Reservas,data/bronce/Bookeau/Reservas/Reservas202519.xlsx,Citas,202519,38,17
Reservas,data/bronce/Bookeau/Reservas/Reservas202520.xlsx,Citas,202520,2318,17
Reservas,data/bronce/Bookeau/Reservas/Reservas202610.xlsx,Citas,202610,1970,17
