grupo_encuesta,variable,pares_no_vacios_comparados,diferencias,porcentaje_diferencias
Encuesta Express,ID,6759,0,0.0
Encuesta Express,Fecha inicio,6759,0,0.0
Encuesta Express,Fecha fin,6759,0,0.0
Encuesta Express,Fecha de llegada,6757,0,0.0
Encuesta Express,Estado de la reserva,6759,5,0.074
Encuesta Express,Prioritaria,6759,0,0.0
Encuesta Express,Categoría,6759,0,0.0
Encuesta Express,Tipo de horario,6759,0,0.0
Encuesta Express,Servicio,6759,0,0.0
Encuesta Express,Código servicio,6759,0,0.0
Encuesta Express,Usuario,6759,1,0.0148
Encuesta Express,Correo usuario,6759,0,0.0
Encuesta Express,Código usuario,6759,5,0.074
Encuesta Express,Tipo de usuario,6759,0,0.0
Encuesta Express,Programa,6740,12,0.178
Encuesta Express,Prestador del servicio,6757,67,0.9916
Encuesta Normal,ID,16379,0,0.0
Encuesta Normal,Fecha inicio,16379,0,0.0
Encuesta Normal,Fecha fin,16379,0,0.0
Encuesta Normal,Fecha de llegada,16372,0,0.0
Encuesta Normal,Estado de la reserva,16379,17,0.1038
Encuesta Normal,Prioritaria,16379,0,0.0
Encuesta Normal,Categoría,16379,0,0.0
Encuesta Normal,Tipo de horario,16379,0,0.0
Encuesta Normal,Servicio,16379,0,0.0
Encuesta Normal,Código servicio,16379,0,0.0
Encuesta Normal,Usuario,16379,3,0.0183
Encuesta Normal,Correo usuario,16379,0,0.0
Encuesta Normal,Código usuario,16379,10,0.0611
Encuesta Normal,Tipo de usuario,16379,0,0.0
Encuesta Normal,Programa,16338,35,0.2142
Encuesta Normal,Prestador del servicio,16377,257,1.5693
Encuesta Reserva Express,ID,13815,0,0.0
Encuesta Reserva Express,Fecha inicio,13815,0,0.0
Encuesta Reserva Express,Fecha fin,13815,0,0.0
Encuesta Reserva Express,Fecha de llegada,7650,0,0.0
Encuesta Reserva Express,Estado de la reserva,13815,15,0.1086
Encuesta Reserva Express,Prioritaria,13815,0,0.0
Encuesta Reserva Express,Categoría,13815,0,0.0
Encuesta Reserva Express,Tipo de horario,13815,0,0.0
Encuesta Reserva Express,Servicio,13815,0,0.0
Encuesta Reserva Express,Código servicio,13815,0,0.0
Encuesta Reserva Express,Usuario,13815,8,0.0579
Encuesta Reserva Express,Correo usuario,13815,0,0.0
Encuesta Reserva Express,Código usuario,13815,15,0.1086
Encuesta Reserva Express,Tipo de usuario,13815,0,0.0
Encuesta Reserva Express,Programa,13812,30,0.2172
Encuesta Reserva Express,Prestador del servicio,7659,82,1.0706
Encuesta Reserva Normal IP,ID,23437,0,0.0
Encuesta Reserva Normal IP,Fecha inicio,23437,0,0.0
Encuesta Reserva Normal IP,Fecha fin,23437,0,0.0
Encuesta Reserva Normal IP,Estado de la reserva,23437,36,0.1536
Encuesta Reserva Normal IP,Prioritaria,23437,0,0.0
Encuesta Reserva Normal IP,Categoría,23437,0,0.0
Encuesta Reserva Normal IP,Tipo de horario,23437,0,0.0
Encuesta Reserva Normal IP,Servicio,23437,0,0.0
Encuesta Reserva Normal IP,Código servicio,23437,0,0.0
Encuesta Reserva Normal IP,Usuario,23437,23,0.0981
Encuesta Reserva Normal IP,Correo usuario,23437,0,0.0
Encuesta Reserva Normal IP,Código usuario,23437,10,0.0427
Encuesta Reserva Normal IP,Tipo de usuario,23437,0,0.0
Encuesta Reserva Normal IP,Programa,23432,20,0.0854
Encuesta Reserva Normal IP,Fecha de llegada,14915,0,0.0
Encuesta Reserva Normal IP,Prestador del servicio,14967,144,0.9621
