grupo,regla,evaluables,incumplimientos,porcentaje_evaluables
Encuesta Express,fin_anterior_a_inicio,6759,0,0.0
Encuesta Express,devolucion_anterior_a_llegada,0,0,
Encuesta Express,inicio_fuera_anio_periodo,6759,0,0.0
Encuesta Normal,fin_anterior_a_inicio,16379,0,0.0
Encuesta Normal,devolucion_anterior_a_llegada,0,0,
Encuesta Normal,inicio_fuera_anio_periodo,16379,0,0.0
Encuesta Reserva Express,fin_anterior_a_inicio,13815,0,0.0
Encuesta Reserva Express,devolucion_anterior_a_llegada,0,0,
Encuesta Reserva Express,inicio_fuera_anio_periodo,13815,0,0.0
Encuesta Reserva Normal IP,fin_anterior_a_inicio,23437,0,0.0
Encuesta Reserva Normal IP,devolucion_anterior_a_llegada,0,0,
Encuesta Reserva Normal IP,inicio_fuera_anio_periodo,23437,0,0.0
Reservas,fin_anterior_a_inicio,86562,0,0.0
Reservas,devolucion_anterior_a_llegada,0,0,
Reservas,inicio_fuera_anio_periodo,86562,0,0.0
