periodo,tipo_horario,servicio,estado_en_reservas,eventos,con_posterior_exportada,pct_con_posterior_exportada
201620,Normal,"Deprecated, APO 1",Cancelada,338,0,0.0
201620,Normal,"Deprecated, APO 1",Cancelada con excusa,23,0,0.0
201620,Normal,"Deprecated, APO 1",Cancelada por sanción,81,0,0.0
201620,Normal,"Deprecated, APO 1",Cola cancelada por reservación,433,0,0.0
201620,Normal,"Deprecated, APO 1",En cola,155,0,0.0
201620,Normal,"Deprecated, APO 1",Finalizada,981,981,100.0
201620,Normal,"Deprecated, APO 1",No asistió,101,0,0.0
201620,Normal,"Deprecated, APO 1",Reservada,8,0,0.0
201620,Normal,"Deprecated, APO 2",Cancelada,114,0,0.0
201620,Normal,"Deprecated, APO 2",Cancelada con excusa,7,1,14.2857
201620,Normal,"Deprecated, APO 2",Cancelada por sanción,20,0,0.0
201620,Normal,"Deprecated, APO 2",Cola cancelada por reservación,133,0,0.0
201620,Normal,"Deprecated, APO 2",En cola,32,0,0.0
201620,Normal,"Deprecated, APO 2",Finalizada,274,274,100.0
201620,Normal,"Deprecated, APO 2",No asistió,35,0,0.0
201620,Normal,"Deprecated, APO 2",Reservada,4,0,0.0
201620,Normal,"Deprecated, Apoyo",Cancelada,8,0,0.0
201620,Normal,"Deprecated, Apoyo",Cancelada con excusa,2,0,0.0
201620,Normal,"Deprecated, Apoyo",Cola cancelada por reservación,10,0,0.0
201620,Normal,"Deprecated, Apoyo",En cola,2,0,0.0
201620,Normal,"Deprecated, Apoyo",Finalizada,26,26,100.0
201620,Normal,"Deprecated, Apoyo",Reservada,1,0,0.0
201620,Normal,"Deprecated, IP Nivelación",Cancelada,14,0,0.0
201620,Normal,"Deprecated, IP Nivelación",Cancelada con excusa,2,0,0.0
201620,Normal,"Deprecated, IP Nivelación",Cola cancelada por reservación,12,0,0.0
201620,Normal,"Deprecated, IP Nivelación",En cola,2,0,0.0
201620,Normal,"Deprecated, IP Nivelación",Finalizada,27,27,100.0
201620,Normal,"Deprecated, IP Nivelación",No asistió,1,0,0.0
201710,"Deprecated, Grupal","Deprecated, APO 1",Cancelada,13,0,0.0
201710,"Deprecated, Grupal","Deprecated, APO 1",Cancelada por sanción,3,0,0.0
201710,"Deprecated, Grupal","Deprecated, APO 1",Cola cancelada por reservación,6,0,0.0
201710,"Deprecated, Grupal","Deprecated, APO 1",En cola,1,0,0.0
201710,"Deprecated, Grupal","Deprecated, APO 1",Finalizada,60,0,0.0
201710,"Deprecated, Grupal","Deprecated, APO 1",No asistió,4,0,0.0
201710,"Deprecated, Nivelación IP","Deprecated, APO 2",Cancelada,19,0,0.0
201710,"Deprecated, Nivelación IP","Deprecated, APO 2",Cancelada con excusa,3,0,0.0
201710,"Deprecated, Nivelación IP","Deprecated, APO 2",Cola cancelada por reservación,10,0,0.0
201710,"Deprecated, Nivelación IP","Deprecated, APO 2",En cola,3,0,0.0
201710,"Deprecated, Nivelación IP","Deprecated, APO 2",Finalizada,45,0,0.0
201710,"Deprecated, Nivelación IP","Deprecated, APO 2",No asistió,8,0,0.0
201710,"Deprecated, Nivelación IP","Deprecated, IP Nivelación",Cancelada con excusa,2,0,0.0
201710,"Deprecated, Nivelación IP","Deprecated, IP Nivelación",En cola,1,0,0.0
201710,"Deprecated, Torre Séneca","Deprecated, APO 1",Cancelada,2,0,0.0
201710,"Deprecated, Torre Séneca","Deprecated, APO 1",Finalizada,4,0,0.0
201710,Express,"Deprecated, APO 1",Cancelada,247,0,0.0
201710,Express,"Deprecated, APO 1",Cancelada con excusa,6,0,0.0
201710,Express,"Deprecated, APO 1",Cancelada por sanción,31,0,0.0
201710,Express,"Deprecated, APO 1",Cola cancelada por reservación,147,0,0.0
201710,Express,"Deprecated, APO 1",En cola,35,0,0.0
201710,Express,"Deprecated, APO 1",Finalizada,718,682,94.9861
201710,Express,"Deprecated, APO 1",No asistió,87,0,0.0
201710,Express,"Deprecated, APO 2",Cancelada,31,0,0.0
201710,Express,"Deprecated, APO 2",Cancelada con excusa,2,0,0.0
201710,Express,"Deprecated, APO 2",Cancelada por sanción,1,0,0.0
201710,Express,"Deprecated, APO 2",Cola cancelada por reservación,32,0,0.0
201710,Express,"Deprecated, APO 2",En cola,8,0,0.0
201710,Express,"Deprecated, APO 2",Finalizada,85,80,94.1176
201710,Express,"Deprecated, APO 2",No asistió,10,0,0.0
201710,Express,"Deprecated, Apoyo",Cancelada,5,0,0.0
201710,Express,"Deprecated, Apoyo",Cola cancelada por reservación,3,0,0.0
201710,Express,"Deprecated, Apoyo",Finalizada,16,16,100.0
201710,Express,"Deprecated, IP Nivelación",Cancelada,2,0,0.0
201710,Express,"Deprecated, IP Nivelación",Cola cancelada por reservación,4,0,0.0
201710,Express,"Deprecated, IP Nivelación",Finalizada,3,3,100.0
201710,Express,"Deprecated, IP Nivelación",No asistió,1,0,0.0
201710,Normal,"Deprecated, APO 1",Cancelada,269,0,0.0
201710,Normal,"Deprecated, APO 1",Cancelada con excusa,14,0,0.0
201710,Normal,"Deprecated, APO 1",Cancelada por sanción,67,0,0.0
201710,Normal,"Deprecated, APO 1",Cola cancelada por reservación,348,0,0.0
201710,Normal,"Deprecated, APO 1",En cola,57,0,0.0
201710,Normal,"Deprecated, APO 1",Finalizada,1193,1180,98.9103
201710,Normal,"Deprecated, APO 1",No asistió,69,0,0.0
201710,Normal,"Deprecated, APO 2",Cancelada,24,0,0.0
201710,Normal,"Deprecated, APO 2",Cancelada con excusa,2,0,0.0
201710,Normal,"Deprecated, APO 2",Cancelada por sanción,2,0,0.0
201710,Normal,"Deprecated, APO 2",Cola cancelada por reservación,38,0,0.0
201710,Normal,"Deprecated, APO 2",En cola,14,0,0.0
201710,Normal,"Deprecated, APO 2",Finalizada,115,115,100.0
201710,Normal,"Deprecated, APO 2",No asistió,14,0,0.0
201710,Normal,"Deprecated, Apoyo",Cancelada,9,0,0.0
201710,Normal,"Deprecated, Apoyo",Cola cancelada por reservación,5,0,0.0
201710,Normal,"Deprecated, Apoyo",En cola,2,0,0.0
201710,Normal,"Deprecated, Apoyo",Finalizada,22,22,100.0
201710,Normal,"Deprecated, Apoyo",No asistió,3,0,0.0
201710,Normal,"Deprecated, IP Nivelación",Cancelada,1,0,0.0
201710,Normal,"Deprecated, IP Nivelación",Finalizada,3,3,100.0
201710,Normal,"Deprecated, IP Nivelación",No asistió,1,0,0.0
201719,Express,"Deprecated, APO 1",Cancelada,3,0,0.0
201719,Express,"Deprecated, APO 1",Cancelada y sancionada,1,0,0.0
201719,Express,"Deprecated, APO 1",Finalizada,10,10,100.0
201719,Express,"Deprecated, APO 1",No asistió,1,0,0.0
201719,Express,"Deprecated, APO 2",Cancelada,2,0,0.0
201719,Express,"Deprecated, APO 2",Cola cancelada por reservación,1,0,0.0
201719,Express,"Deprecated, APO 2",No asistió,1,0,0.0
201719,Normal,"Deprecated, APO 1",Cancelada,9,0,0.0
201719,Normal,"Deprecated, APO 1",Cancelada y sancionada,2,0,0.0
201719,Normal,"Deprecated, APO 1",Cola cancelada por reservación,1,0,0.0
201719,Normal,"Deprecated, APO 1",Finalizada,26,26,100.0
201719,Normal,"Deprecated, APO 1",No asistió,4,0,0.0
201719,Normal,"Deprecated, APO 2",Cancelada,5,0,0.0
201719,Normal,"Deprecated, APO 2",Cola cancelada por reservación,1,0,0.0
201719,Normal,"Deprecated, APO 2",En cola,1,0,0.0
201719,Normal,"Deprecated, APO 2",Finalizada,12,12,100.0
201720,"Deprecated, Grupal","Deprecated, APO 1",Cancelada,8,0,0.0
201720,"Deprecated, Grupal","Deprecated, APO 1",Cancelada a tiempo,2,0,0.0
201720,"Deprecated, Grupal","Deprecated, APO 1",Cancelada por sanción,2,0,0.0
201720,"Deprecated, Grupal","Deprecated, APO 1",Cancelada y sancionada,2,0,0.0
201720,"Deprecated, Grupal","Deprecated, APO 1",Cola cancelada por reservación,7,0,0.0
201720,"Deprecated, Grupal","Deprecated, APO 1",En cola,11,0,0.0
201720,"Deprecated, Grupal","Deprecated, APO 1",Finalizada,48,0,0.0
201720,"Deprecated, Grupal","Deprecated, APO 1",No asistió,12,0,0.0
201720,"Deprecated, Grupal","Deprecated, Apoyo",Cancelada,1,0,0.0
201720,"Deprecated, Nivelación IP","Deprecated, APO 2",Cancelada,2,0,0.0
201720,"Deprecated, Nivelación IP","Deprecated, APO 2",Cancelada y sancionada,1,0,0.0
201720,"Deprecated, Nivelación IP","Deprecated, APO 2",Cola cancelada por reservación,1,0,0.0
201720,"Deprecated, Nivelación IP","Deprecated, APO 2",Finalizada,16,0,0.0
201720,"Deprecated, Nivelación IP","Deprecated, APO 2",No asistió,3,0,0.0
201720,"Deprecated, Torre Séneca","Deprecated, APO 1",Finalizada,9,6,66.6667
201720,"Deprecated, Torre Séneca","Deprecated, APO 1",No asistió,17,0,0.0
201720,"Deprecated, Torre Séneca","Deprecated, IP Nivelación",Cancelada por sanción,1,0,0.0
201720,Entrevistas,Entrevista,Cancelada,1,0,0.0
201720,Entrevistas,Entrevista,Cancelada con excusa,1,0,0.0
201720,Entrevistas,Entrevista,Finalizada,15,0,0.0
201720,Entrevistas,Entrevista,No asistió,1,0,0.0
201720,Express,"Deprecated, APO 1",Cancelada,80,0,0.0
201720,Express,"Deprecated, APO 1",Cancelada a tiempo,53,0,0.0
201720,Express,"Deprecated, APO 1",Cancelada con excusa,6,0,0.0
201720,Express,"Deprecated, APO 1",Cancelada por sanción,36,0,0.0
201720,Express,"Deprecated, APO 1",Cancelada y sancionada,33,0,0.0
201720,Express,"Deprecated, APO 1",Cola cancelada por reservación,73,0,0.0
201720,Express,"Deprecated, APO 1",En cola,91,0,0.0
201720,Express,"Deprecated, APO 1",Finalizada,439,439,100.0
201720,Express,"Deprecated, APO 1",No asistió,56,0,0.0
201720,Express,"Deprecated, APO 2",Cancelada,13,0,0.0
201720,Express,"Deprecated, APO 2",Cancelada a tiempo,2,0,0.0
201720,Express,"Deprecated, APO 2",Cancelada y sancionada,1,0,0.0
201720,Express,"Deprecated, APO 2",Cola cancelada por reservación,13,0,0.0
201720,Express,"Deprecated, APO 2",En cola,12,0,0.0
201720,Express,"Deprecated, APO 2",Finalizada,38,38,100.0
201720,Express,"Deprecated, APO 2",No asistió,5,0,0.0
201720,Express,"Deprecated, Apoyo",Cancelada,2,0,0.0
201720,Express,"Deprecated, Apoyo",Cancelada a tiempo,2,0,0.0
201720,Express,"Deprecated, Apoyo",En cola,2,0,0.0
201720,Express,"Deprecated, Apoyo",Finalizada,9,9,100.0
201720,Express,"Deprecated, Apoyo",No asistió,2,0,0.0
201720,Express,"Deprecated, IP Nivelación",Cancelada,2,0,0.0
201720,Express,"Deprecated, IP Nivelación",Cola cancelada por reservación,1,0,0.0
201720,Express,"Deprecated, IP Nivelación",Finalizada,1,1,100.0
201720,Normal,"Deprecated, APO 1",Cancelada,170,0,0.0
201720,Normal,"Deprecated, APO 1",Cancelada a tiempo,67,0,0.0
201720,Normal,"Deprecated, APO 1",Cancelada con excusa,22,1,4.5455
201720,Normal,"Deprecated, APO 1",Cancelada por sanción,111,0,0.0
201720,Normal,"Deprecated, APO 1",Cancelada y sancionada,88,0,0.0
201720,Normal,"Deprecated, APO 1",Cola cancelada por reservación,221,0,0.0
201720,Normal,"Deprecated, APO 1",En cola,158,0,0.0
201720,Normal,"Deprecated, APO 1",Finalizada,964,964,100.0
201720,Normal,"Deprecated, APO 1",No asistió,107,0,0.0
201720,Normal,"Deprecated, APO 2",Cancelada,23,0,0.0
201720,Normal,"Deprecated, APO 2",Cancelada a tiempo,9,0,0.0
201720,Normal,"Deprecated, APO 2",Cancelada por sanción,11,0,0.0
201720,Normal,"Deprecated, APO 2",Cancelada y sancionada,13,0,0.0
201720,Normal,"Deprecated, APO 2",Cola cancelada por reservación,33,0,0.0
201720,Normal,"Deprecated, APO 2",En cola,38,0,0.0
201720,Normal,"Deprecated, APO 2",Finalizada,119,119,100.0
201720,Normal,"Deprecated, APO 2",No asistió,18,0,0.0
201720,Normal,"Deprecated, Apoyo",Cancelada,4,0,0.0
201720,Normal,"Deprecated, Apoyo",Cancelada a tiempo,1,0,0.0
201720,Normal,"Deprecated, Apoyo",Cancelada por sanción,1,0,0.0
201720,Normal,"Deprecated, Apoyo",Cola cancelada por reservación,2,0,0.0
201720,Normal,"Deprecated, Apoyo",En cola,1,0,0.0
201720,Normal,"Deprecated, Apoyo",Finalizada,24,24,100.0
201720,Normal,"Deprecated, Apoyo",No asistió,1,0,0.0
201720,Normal,"Deprecated, IP Nivelación",Cancelada,2,0,0.0
201720,Normal,"Deprecated, IP Nivelación",Cancelada por sanción,1,0,0.0
201720,Normal,"Deprecated, IP Nivelación",Cola cancelada por reservación,2,0,0.0
201720,Normal,"Deprecated, IP Nivelación",En cola,5,0,0.0
201720,Normal,"Deprecated, IP Nivelación",Finalizada,4,4,100.0
201720,Sala,Sala,Cancelada,1,0,0.0
201720,Sala,Sala,Cancelada a tiempo,2,0,0.0
201720,Sala,Sala,Cancelada con excusa,2,0,0.0
201720,Sala,Sala,Finalizada,5,0,0.0
201720,Sala,Sala,No asistió,9,0,0.0
201810,"Deprecated, Grupal","Deprecated, APO 1",Cancelada,14,0,0.0
201810,"Deprecated, Grupal","Deprecated, APO 1",Cancelada a tiempo,3,0,0.0
201810,"Deprecated, Grupal","Deprecated, APO 1",Cancelada con excusa,1,0,0.0
201810,"Deprecated, Grupal","Deprecated, APO 1",Cancelada por sanción,8,0,0.0
201810,"Deprecated, Grupal","Deprecated, APO 1",Cancelada y sancionada,4,0,0.0
201810,"Deprecated, Grupal","Deprecated, APO 1",Cola cancelada por reservación,2,0,0.0
201810,"Deprecated, Grupal","Deprecated, APO 1",En cola,10,0,0.0
201810,"Deprecated, Grupal","Deprecated, APO 1",Finalizada,69,0,0.0
201810,"Deprecated, Grupal","Deprecated, APO 1",No asistió,11,0,0.0
201810,"Deprecated, Grupal","Deprecated, Apoyo",Finalizada,1,0,0.0
201810,"Deprecated, Nivelación IP","Deprecated, APO 2",Cancelada,4,0,0.0
201810,"Deprecated, Nivelación IP","Deprecated, APO 2",Cancelada a tiempo,1,0,0.0
201810,"Deprecated, Nivelación IP","Deprecated, APO 2",Finalizada,19,0,0.0
201810,"Deprecated, Nivelación IP","Deprecated, APO 2",No asistió,3,0,0.0
201810,"Deprecated, Torre Séneca","Deprecated, APO 1",Cancelada con excusa,3,0,0.0
201810,"Deprecated, Torre Séneca","Deprecated, APO 1",Cancelada por sanción,3,0,0.0
201810,"Deprecated, Torre Séneca","Deprecated, APO 1",Finalizada,19,19,100.0
201810,"Deprecated, Torre Séneca","Deprecated, APO 1",Realizada,5,0,0.0
201810,"Deprecated, Torre Séneca","Deprecated, APO 2",Finalizada,1,1,100.0
201810,"Deprecated, Torre Séneca","Deprecated, APO 2",Realizada,2,0,0.0
201810,Entrevistas,Entrevista,Cancelada a tiempo,3,0,0.0
201810,Entrevistas,Entrevista,Cancelada con excusa,3,0,0.0
201810,Entrevistas,Entrevista,Cola cancelada por reservación,3,0,0.0
201810,Entrevistas,Entrevista,En cola,3,0,0.0
201810,Entrevistas,Entrevista,Finalizada,26,0,0.0
201810,Entrevistas,Entrevista,Reservada,1,0,0.0
201810,Express,"Deprecated, APO 1",Cancelada,93,0,0.0
201810,Express,"Deprecated, APO 1",Cancelada a tiempo,50,0,0.0
201810,Express,"Deprecated, APO 1",Cancelada con excusa,2,0,0.0
201810,Express,"Deprecated, APO 1",Cancelada por sanción,123,0,0.0
201810,Express,"Deprecated, APO 1",Cancelada y sancionada,37,0,0.0
201810,Express,"Deprecated, APO 1",Cola cancelada por reservación,30,0,0.0
201810,Express,"Deprecated, APO 1",En cola,124,0,0.0
201810,Express,"Deprecated, APO 1",Finalizada,441,441,100.0
201810,Express,"Deprecated, APO 1",No asistió,58,0,0.0
201810,Express,"Deprecated, APO 1",Realizada,2,2,100.0
201810,Express,"Deprecated, APO 2",Cancelada,12,0,0.0
201810,Express,"Deprecated, APO 2",Cancelada a tiempo,3,0,0.0
201810,Express,"Deprecated, APO 2",Cancelada con excusa,2,0,0.0
201810,Express,"Deprecated, APO 2",Cancelada por sanción,11,0,0.0
201810,Express,"Deprecated, APO 2",Cancelada y sancionada,4,0,0.0
201810,Express,"Deprecated, APO 2",En cola,26,0,0.0
201810,Express,"Deprecated, APO 2",Finalizada,46,46,100.0
201810,Express,"Deprecated, APO 2",No asistió,12,0,0.0
201810,Express,"Deprecated, Apoyo",Cancelada,2,0,0.0
201810,Express,"Deprecated, Apoyo",Cancelada por sanción,1,0,0.0
201810,Express,"Deprecated, Apoyo",Cancelada y sancionada,2,0,0.0
201810,Express,"Deprecated, Apoyo",Finalizada,6,6,100.0
201810,Express,"Deprecated, IP Nivelación",Cancelada por sanción,1,0,0.0
201810,Express,"Deprecated, IP Nivelación",En cola,1,0,0.0
201810,Express,"Deprecated, IP Nivelación",Finalizada,3,3,100.0
201810,Normal,"Deprecated, APO 1",Cancelada,167,0,0.0
201810,Normal,"Deprecated, APO 1",Cancelada a tiempo,106,0,0.0
201810,Normal,"Deprecated, APO 1",Cancelada con excusa,9,0,0.0
201810,Normal,"Deprecated, APO 1",Cancelada por sanción,252,0,0.0
201810,Normal,"Deprecated, APO 1",Cancelada y sancionada,72,0,0.0
201810,Normal,"Deprecated, APO 1",Cola cancelada por reservación,96,0,0.0
201810,Normal,"Deprecated, APO 1",En cola,219,0,0.0
201810,Normal,"Deprecated, APO 1",Finalizada,1089,1089,100.0
201810,Normal,"Deprecated, APO 1",No asistió,103,0,0.0
201810,Normal,"Deprecated, APO 1",Realizada,5,5,100.0
201810,Normal,"Deprecated, APO 2",Cancelada,24,0,0.0
201810,Normal,"Deprecated, APO 2",Cancelada a tiempo,4,0,0.0
201810,Normal,"Deprecated, APO 2",Cancelada por sanción,27,0,0.0
201810,Normal,"Deprecated, APO 2",Cancelada y sancionada,13,0,0.0
201810,Normal,"Deprecated, APO 2",Cola cancelada por reservación,3,0,0.0
201810,Normal,"Deprecated, APO 2",En cola,79,0,0.0
201810,Normal,"Deprecated, APO 2",Finalizada,131,131,100.0
201810,Normal,"Deprecated, APO 2",No asistió,14,0,0.0
201810,Normal,"Deprecated, APO 2",Realizada,2,2,100.0
201810,Normal,"Deprecated, Apoyo",Cancelada,3,0,0.0
201810,Normal,"Deprecated, Apoyo",Cancelada por sanción,10,0,0.0
201810,Normal,"Deprecated, Apoyo",Cancelada y sancionada,4,0,0.0
201810,Normal,"Deprecated, Apoyo",En cola,2,0,0.0
201810,Normal,"Deprecated, Apoyo",Finalizada,13,13,100.0
201810,Normal,"Deprecated, Apoyo",No asistió,1,0,0.0
201810,Normal,"Deprecated, IP Nivelación",Cancelada,4,0,0.0
201810,Normal,"Deprecated, IP Nivelación",Cancelada por sanción,2,0,0.0
201810,Normal,"Deprecated, IP Nivelación",En cola,4,0,0.0
201810,Normal,"Deprecated, IP Nivelación",Finalizada,8,8,100.0
201810,Normal,"Deprecated, IP Nivelación",No asistió,1,0,0.0
201810,Sala,Sala,Cancelada a tiempo,6,0,0.0
201810,Sala,Sala,Cancelada con excusa,4,0,0.0
201810,Sala,Sala,Finalizada,22,0,0.0
201810,Sala,Sala,Reservada,8,0,0.0
201819,Express,"Deprecated, APO 1",Cancelada,7,0,0.0
201819,Express,"Deprecated, APO 1",Cancelada a tiempo,5,0,0.0
201819,Express,"Deprecated, APO 1",Cancelada por sanción,4,0,0.0
201819,Express,"Deprecated, APO 1",Cancelada y sancionada,1,0,0.0
201819,Express,"Deprecated, APO 1",Finalizada,10,10,100.0
201819,Express,"Deprecated, APO 1",No asistió,3,0,0.0
201819,Express,"Deprecated, APO 2",Cancelada,1,0,0.0
201819,Express,"Deprecated, APO 2",En cola,1,0,0.0
201819,Express,"Deprecated, APO 2",Finalizada,7,7,100.0
201819,Express,"Deprecated, APO 2",No asistió,1,0,0.0
201819,Normal,"Deprecated, APO 1",Cancelada,4,0,0.0
201819,Normal,"Deprecated, APO 1",Cancelada a tiempo,5,0,0.0
201819,Normal,"Deprecated, APO 1",Cancelada con excusa,2,0,0.0
201819,Normal,"Deprecated, APO 1",Cancelada por sanción,3,0,0.0
201819,Normal,"Deprecated, APO 1",Cancelada y sancionada,5,0,0.0
201819,Normal,"Deprecated, APO 1",Cola cancelada por reservación,4,0,0.0
201819,Normal,"Deprecated, APO 1",En cola,5,0,0.0
201819,Normal,"Deprecated, APO 1",Finalizada,31,31,100.0
201819,Normal,"Deprecated, APO 1",No asistió,4,0,0.0
201819,Normal,"Deprecated, APO 2",Cancelada,5,0,0.0
201819,Normal,"Deprecated, APO 2",Cancelada por sanción,3,0,0.0
201819,Normal,"Deprecated, APO 2",Cancelada y sancionada,3,0,0.0
201819,Normal,"Deprecated, APO 2",Cola cancelada por reservación,1,0,0.0
201819,Normal,"Deprecated, APO 2",En cola,2,0,0.0
201819,Normal,"Deprecated, APO 2",Finalizada,13,13,100.0
201819,Normal,"Deprecated, APO 2",No asistió,2,0,0.0
201820,"Deprecated, Grupal","Deprecated, APO 1",Cancelada a tiempo,20,0,0.0
201820,"Deprecated, Grupal","Deprecated, APO 1",Cancelada con excusa,1,0,0.0
201820,"Deprecated, Grupal","Deprecated, APO 1",Cancelada por sanción,4,0,0.0
201820,"Deprecated, Grupal","Deprecated, APO 1",Cola cancelada por reservación,2,0,0.0
201820,"Deprecated, Grupal","Deprecated, APO 1",En cola,13,0,0.0
201820,"Deprecated, Grupal","Deprecated, APO 1",Finalizada,35,35,100.0
201820,"Deprecated, Grupal","Deprecated, APO 1",No asistió,5,0,0.0
201820,"Deprecated, Grupal","Deprecated, APO 1",Realizada,2,0,0.0
201820,"Deprecated, Nivelación IP","Deprecated, APO 2",Cancelada a tiempo,8,0,0.0
201820,"Deprecated, Nivelación IP","Deprecated, APO 2",Cancelada por sanción,1,0,0.0
201820,"Deprecated, Nivelación IP","Deprecated, APO 2",Cola cancelada por reservación,1,0,0.0
201820,"Deprecated, Nivelación IP","Deprecated, APO 2",En cola,1,0,0.0
201820,"Deprecated, Nivelación IP","Deprecated, APO 2",Finalizada,32,0,0.0
201820,"Deprecated, Nivelación IP","Deprecated, APO 2",No asistió,10,0,0.0
201820,"Deprecated, Nivelación IP","Deprecated, IP Nivelación",No asistió,2,0,0.0
201820,"Deprecated, Torre Séneca","Deprecated, APO 1",Cancelada a tiempo,1,0,0.0
201820,"Deprecated, Torre Séneca","Deprecated, APO 1",En ejecución,1,0,0.0
201820,"Deprecated, Torre Séneca","Deprecated, APO 1",Finalizada,20,20,100.0
201820,"Deprecated, Torre Séneca","Deprecated, APO 1",Reservada,1,0,0.0
201820,"Deprecated, Torre Séneca","Deprecated, APO 2",En ejecución,1,0,0.0
201820,"Deprecated, Torre Séneca","Deprecated, APO 2",Finalizada,4,4,100.0
201820,"Deprecated, Torre Séneca","Deprecated, IP Nivelación",Finalizada,1,1,100.0
201820,Entrevistas,Entrevista,Cancelada a tiempo,6,0,0.0
201820,Entrevistas,Entrevista,Cancelada con excusa,2,0,0.0
201820,Entrevistas,Entrevista,Cola cancelada por reservación,3,0,0.0
201820,Entrevistas,Entrevista,En cola,3,0,0.0
201820,Entrevistas,Entrevista,Finalizada,46,0,0.0
201820,Entrevistas,Entrevista,Reservada,1,0,0.0
201820,Express,"Deprecated, APO 1",Cancelada a tiempo,225,0,0.0
201820,Express,"Deprecated, APO 1",Cancelada con excusa,4,0,0.0
201820,Express,"Deprecated, APO 1",Cancelada por sanción,63,0,0.0
201820,Express,"Deprecated, APO 1",Cola cancelada por reservación,58,0,0.0
201820,Express,"Deprecated, APO 1",En cola,165,0,0.0
201820,Express,"Deprecated, APO 1",Finalizada,490,490,100.0
201820,Express,"Deprecated, APO 1",No asistió,59,0,0.0
201820,Express,"Deprecated, APO 1",Realizada,3,3,100.0
201820,Express,"Deprecated, APO 1",Reservada,1,1,100.0
201820,Express,"Deprecated, APO 2",Cancelada a tiempo,29,0,0.0
201820,Express,"Deprecated, APO 2",Cancelada por sanción,14,0,0.0
201820,Express,"Deprecated, APO 2",Cola cancelada por reservación,2,0,0.0
201820,Express,"Deprecated, APO 2",En cola,22,0,0.0
201820,Express,"Deprecated, APO 2",Finalizada,50,50,100.0
201820,Express,"Deprecated, APO 2",No asistió,15,0,0.0
201820,Express,"Deprecated, Apoyo",Cancelada a tiempo,4,0,0.0
201820,Express,"Deprecated, Apoyo",Cancelada por sanción,2,0,0.0
201820,Express,"Deprecated, Apoyo",En cola,4,0,0.0
201820,Express,"Deprecated, Apoyo",Finalizada,14,14,100.0
201820,Express,"Deprecated, IP Nivelación",Finalizada,1,1,100.0
201820,Normal,"Deprecated, APO 1",Cancelada a tiempo,393,0,0.0
201820,Normal,"Deprecated, APO 1",Cancelada con excusa,9,0,0.0
201820,Normal,"Deprecated, APO 1",Cancelada por sanción,131,0,0.0
201820,Normal,"Deprecated, APO 1",Cola cancelada por reservación,98,0,0.0
201820,Normal,"Deprecated, APO 1",En cola,310,0,0.0
201820,Normal,"Deprecated, APO 1",Finalizada,1086,1086,100.0
201820,Normal,"Deprecated, APO 1",No asistió,82,0,0.0
201820,Normal,"Deprecated, APO 1",Realizada,4,4,100.0
201820,Normal,"Deprecated, APO 1",Reservada,2,2,100.0
201820,Normal,"Deprecated, APO 2",Cancelada a tiempo,50,0,0.0
201820,Normal,"Deprecated, APO 2",Cancelada con excusa,1,0,0.0
201820,Normal,"Deprecated, APO 2",Cancelada por sanción,29,0,0.0
201820,Normal,"Deprecated, APO 2",Cola cancelada por reservación,21,0,0.0
201820,Normal,"Deprecated, APO 2",En cola,84,0,0.0
201820,Normal,"Deprecated, APO 2",Finalizada,111,111,100.0
201820,Normal,"Deprecated, APO 2",No asistió,17,0,0.0
201820,Normal,"Deprecated, Apoyo",Cancelada a tiempo,22,0,0.0
201820,Normal,"Deprecated, Apoyo",Cancelada por sanción,11,0,0.0
201820,Normal,"Deprecated, Apoyo",Cola cancelada por reservación,4,0,0.0
201820,Normal,"Deprecated, Apoyo",En cola,16,0,0.0
201820,Normal,"Deprecated, Apoyo",Finalizada,22,22,100.0
201820,Normal,"Deprecated, Apoyo",No asistió,4,0,0.0
201820,Normal,"Deprecated, IP Nivelación",En cola,4,0,0.0
201820,Normal,"Deprecated, IP Nivelación",Finalizada,1,1,100.0
201820,Sala,Sala,Cancelada a tiempo,1,0,0.0
201820,Sala,Sala,En cola,1,0,0.0
201820,Sala,Sala,Finalizada,22,0,0.0
201820,Sala,Sala,Reservada,14,0,0.0
201910,"Deprecated, Express grupal",IP,Cancelada a tiempo,48,0,0.0
201910,"Deprecated, Express grupal",IP,Cancelada por sanción,3,0,0.0
201910,"Deprecated, Express grupal",IP,Cola cancelada por reservación,2,0,0.0
201910,"Deprecated, Express grupal",IP,Finalizada,68,0,0.0
201910,"Deprecated, Express grupal",IP,No asistió,20,0,0.0
201910,"Deprecated, Express grupal",IP,Realizada,16,0,0.0
201910,"Deprecated, Grupal","Deprecated, APO 1",Cancelada a tiempo,11,0,0.0
201910,"Deprecated, Grupal","Deprecated, APO 1",Cancelada por sanción,3,0,0.0
201910,"Deprecated, Grupal","Deprecated, APO 1",Cola cancelada por reservación,1,0,0.0
201910,"Deprecated, Grupal","Deprecated, APO 1",En cola,4,0,0.0
201910,"Deprecated, Grupal","Deprecated, APO 1",Finalizada,26,26,100.0
201910,"Deprecated, Grupal","Deprecated, APO 1",No asistió,4,0,0.0
201910,"Deprecated, Grupal","Deprecated, APO 1",Realizada,2,0,0.0
201910,"Deprecated, Torre Séneca","Deprecated, APO 1",Cancelada a tiempo,4,0,0.0
201910,"Deprecated, Torre Séneca","Deprecated, APO 1",Cancelada con excusa,1,0,0.0
201910,"Deprecated, Torre Séneca","Deprecated, APO 1",Finalizada,15,15,100.0
201910,"Deprecated, Torre Séneca","Deprecated, APO 1",No asistió,17,0,0.0
201910,"Deprecated, Torre Séneca","Deprecated, APO 2",Cancelada a tiempo,7,0,0.0
201910,"Deprecated, Torre Séneca","Deprecated, APO 2",Finalizada,1,1,100.0
201910,"Deprecated, Torre Séneca","Deprecated, APO 2",No asistió,2,0,0.0
201910,Entrevistas,Entrevista,Cancelada a tiempo,3,0,0.0
201910,Entrevistas,Entrevista,Cancelada con excusa,5,0,0.0
201910,Entrevistas,Entrevista,Finalizada,23,0,0.0
201910,Entrevistas,Entrevista,Reservada,1,0,0.0
201910,Express,"Deprecated, APO 1",Cancelada a tiempo,289,0,0.0
201910,Express,"Deprecated, APO 1",Cancelada con excusa,15,0,0.0
201910,Express,"Deprecated, APO 1",Cancelada por sanción,116,0,0.0
201910,Express,"Deprecated, APO 1",Cola cancelada por reservación,83,0,0.0
201910,Express,"Deprecated, APO 1",En cola,193,0,0.0
201910,Express,"Deprecated, APO 1",Finalizada,510,510,100.0
201910,Express,"Deprecated, APO 1",No asistió,54,0,0.0
201910,Express,"Deprecated, APO 1",Realizada,7,7,100.0
201910,Express,"Deprecated, APO 2",Cancelada a tiempo,47,0,0.0
201910,Express,"Deprecated, APO 2",Cancelada con excusa,1,0,0.0
201910,Express,"Deprecated, APO 2",Cancelada por sanción,17,0,0.0
201910,Express,"Deprecated, APO 2",Cola cancelada por reservación,5,0,0.0
201910,Express,"Deprecated, APO 2",En cola,41,0,0.0
201910,Express,"Deprecated, APO 2",Finalizada,50,50,100.0
201910,Express,"Deprecated, APO 2",No asistió,15,0,0.0
201910,Express,"Deprecated, Apoyo",Cancelada a tiempo,1,0,0.0
201910,Express,"Deprecated, Apoyo",Cancelada por sanción,2,0,0.0
201910,Express,"Deprecated, Apoyo",Cola cancelada por reservación,1,0,0.0
201910,Express,"Deprecated, Apoyo",En cola,2,0,0.0
201910,Express,"Deprecated, Apoyo",Finalizada,10,10,100.0
201910,Express,"Deprecated, Apoyo",No asistió,1,0,0.0
201910,Express,"Deprecated, IP Nivelación",Cancelada a tiempo,10,0,0.0
201910,Express,"Deprecated, IP Nivelación",Cancelada por sanción,1,0,0.0
201910,Express,"Deprecated, IP Nivelación",Cola cancelada por reservación,1,0,0.0
201910,Express,"Deprecated, IP Nivelación",En cola,6,0,0.0
201910,Express,"Deprecated, IP Nivelación",Finalizada,11,11,100.0
201910,Express,"Deprecated, IP Nivelación",No asistió,1,0,0.0
201910,Normal,"Deprecated, APO 1",Cancelada a tiempo,431,0,0.0
201910,Normal,"Deprecated, APO 1",Cancelada con excusa,11,0,0.0
201910,Normal,"Deprecated, APO 1",Cancelada por sanción,179,0,0.0
201910,Normal,"Deprecated, APO 1",Cola cancelada por reservación,151,0,0.0
201910,Normal,"Deprecated, APO 1",En cola,374,0,0.0
201910,Normal,"Deprecated, APO 1",Finalizada,1022,1022,100.0
201910,Normal,"Deprecated, APO 1",No asistió,110,0,0.0
201910,Normal,"Deprecated, APO 1",Realizada,7,7,100.0
201910,Normal,"Deprecated, APO 2",Cancelada a tiempo,82,0,0.0
201910,Normal,"Deprecated, APO 2",Cancelada con excusa,8,0,0.0
201910,Normal,"Deprecated, APO 2",Cancelada por sanción,29,0,0.0
201910,Normal,"Deprecated, APO 2",Cola cancelada por reservación,12,0,0.0
201910,Normal,"Deprecated, APO 2",En cola,72,0,0.0
201910,Normal,"Deprecated, APO 2",En ejecución,1,0,0.0
201910,Normal,"Deprecated, APO 2",Finalizada,110,110,100.0
201910,Normal,"Deprecated, APO 2",No asistió,12,0,0.0
201910,Normal,"Deprecated, APO 2",Realizada,1,1,100.0
201910,Normal,"Deprecated, Apoyo",Cancelada a tiempo,3,0,0.0
201910,Normal,"Deprecated, Apoyo",Cancelada por sanción,1,0,0.0
201910,Normal,"Deprecated, Apoyo",Cola cancelada por reservación,3,0,0.0
201910,Normal,"Deprecated, Apoyo",En cola,17,0,0.0
201910,Normal,"Deprecated, Apoyo",En ejecución,1,0,0.0
201910,Normal,"Deprecated, Apoyo",Finalizada,5,5,100.0
201910,Normal,"Deprecated, IP Nivelación",Cancelada a tiempo,10,0,0.0
201910,Normal,"Deprecated, IP Nivelación",Cancelada por sanción,10,0,0.0
201910,Normal,"Deprecated, IP Nivelación",Cola cancelada por reservación,5,0,0.0
201910,Normal,"Deprecated, IP Nivelación",En cola,15,0,0.0
201910,Normal,"Deprecated, IP Nivelación",Finalizada,14,14,100.0
201910,Normal,"Deprecated, IP Nivelación",No asistió,3,0,0.0
201910,Normal,IP,Cancelada a tiempo,2,0,0.0
201910,Normal,IP,Cancelada con excusa,1,0,0.0
201910,Normal,IP,Cancelada por sanción,1,0,0.0
201910,Normal,IP,Finalizada,3,0,0.0
201910,Sala,Sala,Cancelada con excusa,4,0,0.0
201910,Sala,Sala,Finalizada,3,0,0.0
201910,Sala,Sala,No asistió,3,0,0.0
201910,Sala,Sala,Reservada,2,0,0.0
201919,Express,"Deprecated, APO 1",Cancelada a tiempo,10,0,0.0
201919,Express,"Deprecated, APO 1",Cancelada por sanción,2,0,0.0
201919,Express,"Deprecated, APO 1",En cola,1,0,0.0
201919,Express,"Deprecated, APO 1",En ejecución,1,0,0.0
201919,Express,"Deprecated, APO 1",Finalizada,14,14,100.0
201919,Express,"Deprecated, APO 1",No asistió,1,0,0.0
201919,Express,"Deprecated, APO 1",Realizada,2,2,100.0
201919,Express,"Deprecated, APO 2",Cancelada a tiempo,5,0,0.0
201919,Express,"Deprecated, APO 2",Finalizada,4,4,100.0
201919,Express,"Deprecated, APO 2",Realizada,1,1,100.0
201919,Normal,"Deprecated, APO 1",Cancelada a tiempo,6,0,0.0
201919,Normal,"Deprecated, APO 1",Cancelada por sanción,1,0,0.0
201919,Normal,"Deprecated, APO 1",Cola cancelada por reservación,2,0,0.0
201919,Normal,"Deprecated, APO 1",Finalizada,25,25,100.0
201919,Normal,"Deprecated, APO 1",No asistió,1,0,0.0
201919,Normal,"Deprecated, APO 1",Realizada,6,6,100.0
201919,Normal,"Deprecated, APO 2",Cancelada a tiempo,5,0,0.0
201919,Normal,"Deprecated, APO 2",Cancelada por sanción,1,0,0.0
201919,Normal,"Deprecated, APO 2",Cola cancelada por reservación,2,0,0.0
201919,Normal,"Deprecated, APO 2",En cola,3,0,0.0
201919,Normal,"Deprecated, APO 2",Finalizada,7,7,100.0
201919,Normal,"Deprecated, APO 2",No asistió,4,0,0.0
201919,Normal,"Deprecated, APO 2",Realizada,2,2,100.0
201920,"Deprecated, Grupal",IP,No asistió,1,0,0.0
201920,"Deprecated, Torre Séneca","Deprecated, APO 1",Cancelada a tiempo,1,0,0.0
201920,"Deprecated, Torre Séneca","Deprecated, APO 1",Cancelada con excusa,1,0,0.0
201920,"Deprecated, Torre Séneca","Deprecated, APO 1",Finalizada,17,17,100.0
201920,"Deprecated, Torre Séneca","Deprecated, APO 1",No asistió,3,0,0.0
201920,Entrevistas,Entrevista,Cancelada con excusa,3,0,0.0
201920,Entrevistas,Entrevista,Finalizada,17,0,0.0
201920,Entrevistas,Entrevista,No asistió,6,0,0.0
201920,Entrevistas,Entrevista,Reservada,2,0,0.0
201920,Express,"Deprecated, APO 1",Cancelada a tiempo,222,0,0.0
201920,Express,"Deprecated, APO 1",Cancelada con excusa,13,0,0.0
201920,Express,"Deprecated, APO 1",Cancelada por sanción,36,0,0.0
201920,Express,"Deprecated, APO 1",Cola cancelada por reservación,29,0,0.0
201920,Express,"Deprecated, APO 1",En cola,81,0,0.0
201920,Express,"Deprecated, APO 1",Finalizada,324,324,100.0
201920,Express,"Deprecated, APO 1",No asistió,73,0,0.0
201920,Express,"Deprecated, APO 1",Realizada,7,7,100.0
201920,Express,"Deprecated, APO 2",Cancelada a tiempo,37,0,0.0
201920,Express,"Deprecated, APO 2",Cancelada con excusa,1,0,0.0
201920,Express,"Deprecated, APO 2",Cancelada por sanción,11,0,0.0
201920,Express,"Deprecated, APO 2",Cola cancelada por reservación,4,0,0.0
201920,Express,"Deprecated, APO 2",En cola,11,0,0.0
201920,Express,"Deprecated, APO 2",Finalizada,48,48,100.0
201920,Express,"Deprecated, APO 2",No asistió,9,0,0.0
201920,Express,"Deprecated, APO 2",Realizada,2,2,100.0
201920,Express,IP,Cancelada a tiempo,74,0,0.0
201920,Express,IP,Cancelada con excusa,5,0,0.0
201920,Express,IP,Cancelada por sanción,2,0,0.0
201920,Express,IP,Cola cancelada por reservación,1,0,0.0
201920,Express,IP,En cola,12,0,0.0
201920,Express,IP,En ejecución,1,0,0.0
201920,Express,IP,Finalizada,86,0,0.0
201920,Express,IP,No asistió,10,0,0.0
201920,Express,IP,Reservada,1,0,0.0
201920,Normal,"Deprecated, APO 1",Cancelada a tiempo,350,0,0.0
201920,Normal,"Deprecated, APO 1",Cancelada con excusa,30,0,0.0
201920,Normal,"Deprecated, APO 1",Cancelada por sanción,106,0,0.0
201920,Normal,"Deprecated, APO 1",Cola cancelada por reservación,100,0,0.0
201920,Normal,"Deprecated, APO 1",En cola,196,0,0.0
201920,Normal,"Deprecated, APO 1",Finalizada,692,692,100.0
201920,Normal,"Deprecated, APO 1",No asistió,72,0,0.0
201920,Normal,"Deprecated, APO 1",Realizada,9,9,100.0
201920,Normal,"Deprecated, APO 2",Cancelada a tiempo,86,0,0.0
201920,Normal,"Deprecated, APO 2",Cancelada con excusa,5,0,0.0
201920,Normal,"Deprecated, APO 2",Cancelada por sanción,28,0,0.0
201920,Normal,"Deprecated, APO 2",Cola cancelada por reservación,16,0,0.0
201920,Normal,"Deprecated, APO 2",En cola,39,0,0.0
201920,Normal,"Deprecated, APO 2",Finalizada,128,128,100.0
201920,Normal,"Deprecated, APO 2",No asistió,26,0,0.0
201920,Normal,"Deprecated, APO 2",Realizada,3,3,100.0
201920,Normal,"Deprecated, DPOO",Cancelada a tiempo,7,0,0.0
201920,Normal,"Deprecated, DPOO",Cancelada con excusa,11,0,0.0
201920,Normal,"Deprecated, DPOO",Cancelada por sanción,1,0,0.0
201920,Normal,"Deprecated, DPOO",Cola cancelada por reservación,1,0,0.0
201920,Normal,"Deprecated, DPOO",En cola,2,0,0.0
201920,Normal,"Deprecated, DPOO",En ejecución,2,0,0.0
201920,Normal,"Deprecated, DPOO",Finalizada,13,0,0.0
201920,Normal,"Deprecated, DPOO",No asistió,3,0,0.0
201920,Normal,IP,Cancelada a tiempo,87,0,0.0
201920,Normal,IP,Cancelada con excusa,8,0,0.0
201920,Normal,IP,Cancelada por sanción,16,0,0.0
201920,Normal,IP,Cola cancelada por reservación,13,0,0.0
201920,Normal,IP,En cola,23,0,0.0
201920,Normal,IP,En ejecución,1,0,0.0
201920,Normal,IP,Finalizada,163,68,41.7178
201920,Normal,IP,No asistió,20,0,0.0
201920,Sala,Sala,Cancelada a tiempo,4,0,0.0
201920,Sala,Sala,Finalizada,2,0,0.0
201920,Sala,Sala,No asistió,57,0,0.0
202010,"Deprecated, Profesores IP","Deprecated, Profesores",Cancelada a tiempo,4,0,0.0
202010,"Deprecated, Profesores IP","Deprecated, Profesores",Finalizada,2,0,0.0
202010,"Deprecated, Profesores IP","Deprecated, Profesores",No asistió,3,0,0.0
202010,"Deprecated, Torre Séneca",EDA,Cancelada a tiempo,1,0,0.0
202010,"Deprecated, Torre Séneca",EDA,Cancelada por sanción,1,0,0.0
202010,"Deprecated, Torre Séneca",EDA,Finalizada,3,3,100.0
202010,"Deprecated, Torre Séneca",IP,Cancelada a tiempo,9,0,0.0
202010,"Deprecated, Torre Séneca",IP,Cancelada con excusa,3,0,0.0
202010,"Deprecated, Torre Séneca",IP,Cola cancelada por reservación,1,0,0.0
202010,"Deprecated, Torre Séneca",IP,Finalizada,28,0,0.0
202010,"Deprecated, Torre Séneca",IP,No asistió,4,0,0.0
202010,"Deprecated, Torre Séneca",IP,Realizada,1,0,0.0
202010,Entrevistas,Entrevista,Cancelada a tiempo,1,0,0.0
202010,Entrevistas,Entrevista,Cancelada con excusa,2,0,0.0
202010,Entrevistas,Entrevista,Finalizada,24,0,0.0
202010,Entrevistas,Entrevista,No asistió,2,0,0.0
202010,Express,"Deprecated, APO 2",Cancelada a tiempo,15,0,0.0
202010,Express,"Deprecated, APO 2",Cancelada con excusa,1,0,0.0
202010,Express,"Deprecated, APO 2",Cancelada por sanción,5,0,0.0
202010,Express,"Deprecated, APO 2",Cola cancelada por reservación,1,0,0.0
202010,Express,"Deprecated, APO 2",Finalizada,22,22,100.0
202010,Express,"Deprecated, APO 2",No asistió,7,0,0.0
202010,Express,"Deprecated, APO 2",Realizada,1,0,0.0
202010,Express,IP,Cancelada a tiempo,353,0,0.0
202010,Express,IP,Cancelada con excusa,3,0,0.0
202010,Express,IP,Cancelada por sanción,87,0,0.0
202010,Express,IP,Cola cancelada por reservación,74,0,0.0
202010,Express,IP,En cola,219,0,0.0
202010,Express,IP,En ejecución,1,0,0.0
202010,Express,IP,Finalizada,590,0,0.0
202010,Express,IP,No asistió,74,0,0.0
202010,Express,IP,Realizada,25,0,0.0
202010,Normal,"Deprecated, APO 2",Cancelada a tiempo,51,0,0.0
202010,Normal,"Deprecated, APO 2",Cancelada por sanción,19,0,0.0
202010,Normal,"Deprecated, APO 2",Cola cancelada por reservación,9,0,0.0
202010,Normal,"Deprecated, APO 2",En cola,32,0,0.0
202010,Normal,"Deprecated, APO 2",En ejecución,1,0,0.0
202010,Normal,"Deprecated, APO 2",Finalizada,93,93,100.0
202010,Normal,"Deprecated, APO 2",No asistió,25,0,0.0
202010,Normal,"Deprecated, APO 2",Realizada,12,7,58.3333
202010,Normal,IP,Cancelada a tiempo,477,0,0.0
202010,Normal,IP,Cancelada con excusa,8,0,0.0
202010,Normal,IP,Cancelada por sanción,207,0,0.0
202010,Normal,IP,Cola cancelada por reservación,138,0,0.0
202010,Normal,IP,En cola,392,0,0.0
202010,Normal,IP,En ejecución,4,0,0.0
202010,Normal,IP,Finalizada,1032,0,0.0
202010,Normal,IP,No asistió,117,0,0.0
202010,Normal,IP,Realizada,37,0,0.0
202010,Normal,IP,Reservada,1,0,0.0
202010,Sala,Sala,Cancelada a tiempo,4,0,0.0
202010,Sala,Sala,Cancelada con excusa,2,0,0.0
202010,Sala,Sala,Finalizada,6,0,0.0
202010,Sala,Sala,No asistió,52,0,0.0
202010,Sala,Sala,Reservada,1,0,0.0
202019,Entrevistas,Entrevista,Cancelada a tiempo,1,0,0.0
202019,Entrevistas,Entrevista,Cancelada con excusa,1,0,0.0
202019,Entrevistas,Entrevista,Finalizada,11,0,0.0
202019,Express,"Deprecated, APO 2",Cancelada a tiempo,4,0,0.0
202019,Express,"Deprecated, APO 2",Cancelada con excusa,1,0,0.0
202019,Express,"Deprecated, APO 2",En cola,2,0,0.0
202019,Express,"Deprecated, APO 2",Finalizada,6,6,100.0
202019,Express,"Deprecated, APO 2",No asistió,2,0,0.0
202019,Express,"Deprecated, APO 2",Realizada,1,0,0.0
202019,Express,IP,Cancelada a tiempo,15,0,0.0
202019,Express,IP,Cola cancelada por reservación,2,0,0.0
202019,Express,IP,En cola,3,0,0.0
202019,Express,IP,Finalizada,25,0,0.0
202019,Express,IP,No asistió,2,0,0.0
202019,Express,IP,Realizada,1,0,0.0
202019,Normal,"Deprecated, APO 2",Cancelada a tiempo,17,0,0.0
202019,Normal,"Deprecated, APO 2",Cancelada por sanción,3,0,0.0
202019,Normal,"Deprecated, APO 2",Cola cancelada por reservación,1,0,0.0
202019,Normal,"Deprecated, APO 2",En cola,3,0,0.0
202019,Normal,"Deprecated, APO 2",En ejecución,1,0,0.0
202019,Normal,"Deprecated, APO 2",Finalizada,19,19,100.0
202019,Normal,"Deprecated, APO 2",No asistió,1,0,0.0
202019,Normal,"Deprecated, APO 2",Realizada,3,2,66.6667
202019,Normal,IP,Cancelada a tiempo,18,0,0.0
202019,Normal,IP,Cancelada con excusa,2,0,0.0
202019,Normal,IP,Cancelada por sanción,2,0,0.0
202019,Normal,IP,Cola cancelada por reservación,5,0,0.0
202019,Normal,IP,En cola,8,0,0.0
202019,Normal,IP,Finalizada,33,0,0.0
202019,Normal,IP,No asistió,3,0,0.0
202019,Normal,IP,Realizada,1,0,0.0
202019,Normal pico,IP,Cancelada a tiempo,9,0,0.0
202019,Normal pico,IP,Cancelada por sanción,1,0,0.0
202019,Normal pico,IP,Cola cancelada por reservación,2,0,0.0
202019,Normal pico,IP,En cola,1,0,0.0
202019,Normal pico,IP,Finalizada,26,0,0.0
202019,Normal pico,IP,No asistió,2,0,0.0
202019,Normal pico,IP,Realizada,2,0,0.0
202020,"Deprecated, Grupal",EDA,Cancelada a tiempo,29,0,0.0
202020,"Deprecated, Grupal",EDA,Cancelada con excusa,3,0,0.0
202020,"Deprecated, Grupal",EDA,Cancelada por sanción,1,0,0.0
202020,"Deprecated, Grupal",EDA,En cola,1,0,0.0
202020,"Deprecated, Grupal",EDA,Finalizada,73,0,0.0
202020,"Deprecated, Grupal",EDA,No asistió,6,0,0.0
202020,"Deprecated, Grupal",EDA,Realizada,9,0,0.0
202020,"Deprecated, Grupal",EDA,Reservada,6,0,0.0
202020,"Deprecated, Nivelación IP","Deprecated, IP Nivelación",Cancelada a tiempo,4,0,0.0
202020,"Deprecated, Nivelación IP","Deprecated, IP Nivelación",Finalizada,14,0,0.0
202020,"Deprecated, Nivelación IP","Deprecated, IP Nivelación",No asistió,24,0,0.0
202020,"Deprecated, Nivelación IP","Deprecated, IP Nivelación",Realizada,3,0,0.0
202020,Entrevistas,Entrevista,Cancelada a tiempo,2,0,0.0
202020,Entrevistas,Entrevista,Cancelada con excusa,1,0,0.0
202020,Entrevistas,Entrevista,Finalizada,35,0,0.0
202020,Entrevistas,Entrevista,No asistió,2,0,0.0
202020,Express,"Deprecated, APO 2",Cancelada a tiempo,10,0,0.0
202020,Express,"Deprecated, APO 2",Cancelada por sanción,2,0,0.0
202020,Express,"Deprecated, APO 2",Cola cancelada por reservación,2,0,0.0
202020,Express,"Deprecated, APO 2",En cola,6,0,0.0
202020,Express,"Deprecated, APO 2",Finalizada,10,10,100.0
202020,Express,"Deprecated, APO 2",No asistió,1,0,0.0
202020,Express,"Deprecated, APO 2",Realizada,1,0,0.0
202020,Express,"Deprecated, APO 2",Reservada,1,0,0.0
202020,Express,IP,Cancelada a tiempo,279,0,0.0
202020,Express,IP,Cancelada con excusa,19,0,0.0
202020,Express,IP,Cancelada por sanción,33,0,0.0
202020,Express,IP,Cola cancelada por reservación,43,0,0.0
202020,Express,IP,En cola,167,0,0.0
202020,Express,IP,Finalizada,689,0,0.0
202020,Express,IP,No asistió,42,0,0.0
202020,Express,IP,Realizada,18,0,0.0
202020,Normal,"Deprecated, APO 2",Cancelada a tiempo,17,0,0.0
202020,Normal,"Deprecated, APO 2",Cancelada por sanción,1,0,0.0
202020,Normal,"Deprecated, APO 2",Cola cancelada por reservación,1,0,0.0
202020,Normal,"Deprecated, APO 2",En cola,13,0,0.0
202020,Normal,"Deprecated, APO 2",Finalizada,31,31,100.0
202020,Normal,"Deprecated, APO 2",No asistió,2,0,0.0
202020,Normal,"Deprecated, APO 2",Realizada,1,0,0.0
202020,Normal,IP,Cancelada a tiempo,438,0,0.0
202020,Normal,IP,Cancelada con excusa,24,0,0.0
202020,Normal,IP,Cancelada por sanción,75,0,0.0
202020,Normal,IP,Cola cancelada por reservación,100,0,0.0
202020,Normal,IP,En cola,227,0,0.0
202020,Normal,IP,Finalizada,1385,0,0.0
202020,Normal,IP,No asistió,72,0,0.0
202020,Normal,IP,Realizada,27,0,0.0
202020,Normal,IP,Reservada,1,0,0.0
202020,Normal pico,IP,Cancelada a tiempo,310,0,0.0
202020,Normal pico,IP,Cancelada con excusa,26,0,0.0
202020,Normal pico,IP,Cancelada por sanción,31,0,0.0
202020,Normal pico,IP,Cola cancelada por reservación,58,0,0.0
202020,Normal pico,IP,En cola,90,0,0.0
202020,Normal pico,IP,En ejecución,1,0,0.0
202020,Normal pico,IP,Finalizada,673,0,0.0
202020,Normal pico,IP,No asistió,41,0,0.0
202020,Normal pico,IP,Realizada,54,0,0.0
202020,Normal pico,IP,Reservada,13,0,0.0
202110,"Deprecated, Grupal","Deprecated, DPOO",Cancelada a tiempo,23,0,0.0
202110,"Deprecated, Grupal","Deprecated, DPOO",Cancelada con excusa,1,0,0.0
202110,"Deprecated, Grupal","Deprecated, DPOO",En cola,7,0,0.0
202110,"Deprecated, Grupal","Deprecated, DPOO",Finalizada,46,0,0.0
202110,"Deprecated, Grupal","Deprecated, DPOO",No asistió,7,0,0.0
202110,"Deprecated, Grupal","Deprecated, DPOO",Realizada,10,0,0.0
202110,Entrevistas,Entrevista,Cancelada a tiempo,9,0,0.0
202110,Entrevistas,Entrevista,Cancelada con excusa,3,0,0.0
202110,Entrevistas,Entrevista,Finalizada,42,0,0.0
202110,Entrevistas,Entrevista,No asistió,3,0,0.0
202110,Express,EDA,Cancelada a tiempo,33,0,0.0
202110,Express,EDA,Cancelada con excusa,2,0,0.0
202110,Express,EDA,Cancelada por sanción,2,0,0.0
202110,Express,EDA,Cola cancelada por reservación,1,0,0.0
202110,Express,EDA,Finalizada,57,28,49.1228
202110,Express,EDA,No asistió,9,0,0.0
202110,Express,EDA,Realizada,5,2,40.0
202110,Express,EDA,Reservada,1,0,0.0
202110,Express,IP,Cancelada a tiempo,331,0,0.0
202110,Express,IP,Cancelada con excusa,9,0,0.0
202110,Express,IP,Cancelada por sanción,15,0,0.0
202110,Express,IP,Cola cancelada por reservación,57,0,0.0
202110,Express,IP,En cola,263,0,0.0
202110,Express,IP,En ejecución,1,0,0.0
202110,Express,IP,Finalizada,683,0,0.0
202110,Express,IP,No asistió,66,0,0.0
202110,Express,IP,Realizada,60,0,0.0
202110,Express,IP,Reservada,1,0,0.0
202110,Normal,EDA,Cancelada a tiempo,84,0,0.0
202110,Normal,EDA,Cancelada con excusa,2,0,0.0
202110,Normal,EDA,Cancelada por sanción,4,0,0.0
202110,Normal,EDA,Cola cancelada por reservación,3,0,0.0
202110,Normal,EDA,En cola,7,0,0.0
202110,Normal,EDA,En ejecución,2,0,0.0
202110,Normal,EDA,Finalizada,161,85,52.795
202110,Normal,EDA,No asistió,14,0,0.0
202110,Normal,EDA,Realizada,15,11,73.3333
202110,Normal,IP,Cancelada a tiempo,602,0,0.0
202110,Normal,IP,Cancelada con excusa,11,0,0.0
202110,Normal,IP,Cancelada por sanción,27,0,0.0
202110,Normal,IP,Cola cancelada por reservación,166,0,0.0
202110,Normal,IP,En cola,364,0,0.0
202110,Normal,IP,Finalizada,1394,0,0.0
202110,Normal,IP,No asistió,94,0,0.0
202110,Normal,IP,Realizada,155,0,0.0
202110,Normal,IP,Reservada,1,0,0.0
202110,Normal pico,IP,Cancelada a tiempo,233,0,0.0
202110,Normal pico,IP,Cancelada con excusa,20,0,0.0
202110,Normal pico,IP,Cancelada por sanción,25,0,0.0
202110,Normal pico,IP,Cola cancelada por reservación,60,0,0.0
202110,Normal pico,IP,En cola,147,0,0.0
202110,Normal pico,IP,En ejecución,2,0,0.0
202110,Normal pico,IP,Finalizada,621,0,0.0
202110,Normal pico,IP,No asistió,58,0,0.0
202110,Normal pico,IP,Realizada,55,0,0.0
202110,Normal pico,IP,Reservada,3,0,0.0
202119,Express,EDA,Finalizada,2,2,100.0
202119,Express,IP,Cancelada a tiempo,7,0,0.0
202119,Express,IP,Cola cancelada por reservación,1,0,0.0
202119,Express,IP,Finalizada,11,0,0.0
202119,Express,IP,No asistió,1,0,0.0
202119,Express,IP,Realizada,1,0,0.0
202119,Normal,EDA,Cancelada a tiempo,14,0,0.0
202119,Normal,EDA,Finalizada,12,12,100.0
202119,Normal,IP,Cancelada a tiempo,22,0,0.0
202119,Normal,IP,Cancelada por sanción,1,0,0.0
202119,Normal,IP,Cola cancelada por reservación,1,0,0.0
202119,Normal,IP,En cola,3,0,0.0
202119,Normal,IP,Finalizada,22,0,0.0
202119,Normal,IP,No asistió,4,0,0.0
202119,Normal pico,IP,Cancelada a tiempo,1,0,0.0
202119,Normal pico,IP,En cola,1,0,0.0
202119,Normal pico,IP,Finalizada,3,0,0.0
202119,Normal pico,IP,No asistió,1,0,0.0
202119,Normal pico,IP,Realizada,1,0,0.0
202119,Normal pico,IP,Reservada,1,0,0.0
202120,"Deprecated, Grupal","Deprecated, DPOO",Cancelada a tiempo,34,0,0.0
202120,"Deprecated, Grupal","Deprecated, DPOO",Finalizada,66,0,0.0
202120,"Deprecated, Grupal","Deprecated, DPOO",No asistió,10,0,0.0
202120,"Deprecated, Grupal","Deprecated, DPOO",Realizada,8,0,0.0
202120,Entrevistas,Entrevista,Cancelada a tiempo,9,0,0.0
202120,Entrevistas,Entrevista,Cancelada con excusa,2,0,0.0
202120,Entrevistas,Entrevista,Finalizada,34,0,0.0
202120,Entrevistas,Entrevista,No asistió,2,0,0.0
202120,Express,EDA,Cancelada a tiempo,33,0,0.0
202120,Express,EDA,Cola cancelada por reservación,3,0,0.0
202120,Express,EDA,En cola,27,0,0.0
202120,Express,EDA,Finalizada,76,76,100.0
202120,Express,EDA,No asistió,7,0,0.0
202120,Express,EDA,Realizada,1,0,0.0
202120,Express,IP,Cancelada a tiempo,298,0,0.0
202120,Express,IP,Cancelada con excusa,11,0,0.0
202120,Express,IP,Cancelada por sanción,8,0,0.0
202120,Express,IP,Cola cancelada por reservación,26,0,0.0
202120,Express,IP,En cola,120,0,0.0
202120,Express,IP,En ejecución,3,0,0.0
202120,Express,IP,Finalizada,596,0,0.0
202120,Express,IP,No asistió,91,0,0.0
202120,Express,IP,Realizada,57,0,0.0
202120,Express,IP,Reservada,3,0,0.0
202120,Normal,EDA,Cancelada a tiempo,57,0,0.0
202120,Normal,EDA,Cancelada con excusa,2,0,0.0
202120,Normal,EDA,Cola cancelada por reservación,16,0,0.0
202120,Normal,EDA,En cola,96,0,0.0
202120,Normal,EDA,Finalizada,168,168,100.0
202120,Normal,EDA,No asistió,13,0,0.0
202120,Normal,EDA,Realizada,9,1,11.1111
202120,Normal,IP,Cancelada a tiempo,426,0,0.0
202120,Normal,IP,Cancelada con excusa,19,0,0.0
202120,Normal,IP,Cancelada por sanción,22,0,0.0
202120,Normal,IP,Cola cancelada por reservación,79,0,0.0
202120,Normal,IP,En cola,187,0,0.0
202120,Normal,IP,En ejecución,1,0,0.0
202120,Normal,IP,Finalizada,978,1,0.1022
202120,Normal,IP,No asistió,95,0,0.0
202120,Normal,IP,Realizada,152,0,0.0
202120,Normal,IP,Reservada,3,0,0.0
202120,Normal pico,IP,Cancelada a tiempo,161,0,0.0
202120,Normal pico,IP,Cancelada con excusa,3,0,0.0
202120,Normal pico,IP,Cancelada por sanción,10,0,0.0
202120,Normal pico,IP,Cola cancelada por reservación,14,0,0.0
202120,Normal pico,IP,En cola,55,0,0.0
202120,Normal pico,IP,En ejecución,6,0,0.0
202120,Normal pico,IP,Finalizada,366,0,0.0
202120,Normal pico,IP,No asistió,38,0,0.0
202120,Normal pico,IP,Realizada,85,0,0.0
202120,Normal pico,IP,Reservada,10,0,0.0
202210,Entrevistas,Entrevista,Cancelada a tiempo,9,0,0.0
202210,Entrevistas,Entrevista,Cancelada con excusa,5,0,0.0
202210,Entrevistas,Entrevista,Finalizada,35,0,0.0
202210,Entrevistas,Entrevista,No asistió,4,0,0.0
202210,Express,EDA,Cancelada a tiempo,37,0,0.0
202210,Express,EDA,Cancelada con excusa,2,0,0.0
202210,Express,EDA,Cancelada por sanción,1,0,0.0
202210,Express,EDA,Cola cancelada por reservación,2,0,0.0
202210,Express,EDA,En cola,9,0,0.0
202210,Express,EDA,Finalizada,34,34,100.0
202210,Express,EDA,No asistió,13,0,0.0
202210,Express,EDA,Realizada,1,0,0.0
202210,Express,IP,Cancelada a tiempo,273,0,0.0
202210,Express,IP,Cancelada con excusa,15,0,0.0
202210,Express,IP,Cancelada por sanción,20,0,0.0
202210,Express,IP,Cola cancelada por reservación,20,0,0.0
202210,Express,IP,En cola,100,0,0.0
202210,Express,IP,Finalizada,380,1,0.2632
202210,Express,IP,No asistió,126,0,0.0
202210,Express,IP,Realizada,25,0,0.0
202210,Express,IP,Reservada,1,0,0.0
202210,Normal,EDA,Cancelada a tiempo,126,0,0.0
202210,Normal,EDA,Cancelada con excusa,5,0,0.0
202210,Normal,EDA,Cancelada por sanción,4,0,0.0
202210,Normal,EDA,Cola cancelada por reservación,6,0,0.0
202210,Normal,EDA,En cola,99,0,0.0
202210,Normal,EDA,Finalizada,186,186,100.0
202210,Normal,EDA,No asistió,47,0,0.0
202210,Normal,EDA,Realizada,9,0,0.0
202210,Normal,IP,Cancelada a tiempo,711,0,0.0
202210,Normal,IP,Cancelada con excusa,21,0,0.0
202210,Normal,IP,Cancelada por sanción,50,0,0.0
202210,Normal,IP,Cola cancelada por reservación,118,0,0.0
202210,Normal,IP,En cola,467,0,0.0
202210,Normal,IP,En ejecución,2,0,0.0
202210,Normal,IP,Finalizada,1197,0,0.0
202210,Normal,IP,No asistió,149,0,0.0
202210,Normal,IP,Realizada,109,0,0.0
202210,Normal pico,IP,Cancelada a tiempo,228,0,0.0
202210,Normal pico,IP,Cancelada con excusa,9,0,0.0
202210,Normal pico,IP,Cancelada por sanción,11,0,0.0
202210,Normal pico,IP,Cola cancelada por reservación,7,0,0.0
202210,Normal pico,IP,En cola,33,0,0.0
202210,Normal pico,IP,En ejecución,8,0,0.0
202210,Normal pico,IP,Finalizada,330,0,0.0
202210,Normal pico,IP,No asistió,40,0,0.0
202210,Normal pico,IP,Realizada,65,0,0.0
202210,Normal pico,IP,Reservada,14,0,0.0
202219,"Deprecated, Nivelación IP","Deprecated, IP Nivelación",Cancelada a tiempo,2,0,0.0
202219,"Deprecated, Nivelación IP","Deprecated, IP Nivelación",Finalizada,10,0,0.0
202219,"Deprecated, Nivelación IP","Deprecated, IP Nivelación",Realizada,3,0,0.0
202219,Normal,IP,Cancelada a tiempo,18,0,0.0
202219,Normal,IP,En cola,22,0,0.0
202219,Normal,IP,Finalizada,39,0,0.0
202219,Normal,IP,No asistió,5,0,0.0
202219,Normal,IP,Realizada,3,0,0.0
202220,"Deprecated, Torre Séneca",IP,Cancelada a tiempo,17,0,0.0
202220,"Deprecated, Torre Séneca",IP,Cancelada con excusa,3,0,0.0
202220,"Deprecated, Torre Séneca",IP,Finalizada,17,0,0.0
202220,"Deprecated, Torre Séneca",IP,No asistió,16,0,0.0
202220,Entrevistas,Entrevista,Cancelada a tiempo,13,0,0.0
202220,Entrevistas,Entrevista,Cancelada con excusa,2,0,0.0
202220,Entrevistas,Entrevista,Finalizada,43,0,0.0
202220,Entrevistas,Entrevista,No asistió,2,0,0.0
202220,Express,EDA,Cancelada a tiempo,63,0,0.0
202220,Express,EDA,Cancelada con excusa,3,0,0.0
202220,Express,EDA,Cola cancelada por reservación,6,0,0.0
202220,Express,EDA,En cola,31,0,0.0
202220,Express,EDA,Finalizada,48,25,52.0833
202220,Express,EDA,No asistió,23,0,0.0
202220,Express,EDA,Realizada,4,0,0.0
202220,Express,IP,Cancelada a tiempo,422,0,0.0
202220,Express,IP,Cancelada con excusa,16,0,0.0
202220,Express,IP,Cancelada por sanción,8,0,0.0
202220,Express,IP,Cola cancelada por reservación,66,0,0.0
202220,Express,IP,En cola,311,0,0.0
202220,Express,IP,En ejecución,2,0,0.0
202220,Express,IP,Finalizada,482,1,0.2075
202220,Express,IP,No asistió,125,0,0.0
202220,Express,IP,Realizada,89,0,0.0
202220,Express,IP,Reservada,3,0,0.0
202220,Normal,EDA,Cancelada a tiempo,126,0,0.0
202220,Normal,EDA,Cancelada con excusa,6,0,0.0
202220,Normal,EDA,Cancelada por sanción,2,0,0.0
202220,Normal,EDA,Cola cancelada por reservación,12,0,0.0
202220,Normal,EDA,En cola,117,0,0.0
202220,Normal,EDA,Finalizada,148,148,100.0
202220,Normal,EDA,No asistió,41,0,0.0
202220,Normal,EDA,Realizada,8,0,0.0
202220,Normal,EDA,Reservada,2,0,0.0
202220,Normal,IP,Cancelada a tiempo,687,0,0.0
202220,Normal,IP,Cancelada con excusa,15,0,0.0
202220,Normal,IP,Cancelada por sanción,25,0,0.0
202220,Normal,IP,Cola cancelada por reservación,149,0,0.0
202220,Normal,IP,En cola,340,0,0.0
202220,Normal,IP,En ejecución,5,0,0.0
202220,Normal,IP,Finalizada,1059,5,0.4721
202220,Normal,IP,No asistió,123,0,0.0
202220,Normal,IP,Realizada,212,2,0.9434
202220,Normal pico,IP,Cancelada a tiempo,238,0,0.0
202220,Normal pico,IP,Cancelada con excusa,5,0,0.0
202220,Normal pico,IP,Cancelada por sanción,10,0,0.0
202220,Normal pico,IP,Cola cancelada por reservación,14,0,0.0
202220,Normal pico,IP,En cola,26,0,0.0
202220,Normal pico,IP,Finalizada,276,0,0.0
202220,Normal pico,IP,No asistió,60,0,0.0
202220,Normal pico,IP,Realizada,28,0,0.0
202220,Normal pico,IP,Reservada,14,0,0.0
202310,Entrevistas,Entrevista,Cancelada a tiempo,16,0,0.0
202310,Entrevistas,Entrevista,Cancelada con excusa,2,0,0.0
202310,Entrevistas,Entrevista,Finalizada,60,0,0.0
202310,Express,EDA,Cancelada a tiempo,95,0,0.0
202310,Express,EDA,Cancelada con excusa,2,0,0.0
202310,Express,EDA,Cancelada por sanción,1,0,0.0
202310,Express,EDA,Cola cancelada por reservación,2,0,0.0
202310,Express,EDA,En cola,47,0,0.0
202310,Express,EDA,En ejecución,1,0,0.0
202310,Express,EDA,Finalizada,113,113,100.0
202310,Express,EDA,No asistió,34,0,0.0
202310,Express,EDA,Realizada,18,11,61.1111
202310,Express,EDA,Reservada,2,0,0.0
202310,Express,IP,Cancelada a tiempo,539,0,0.0
202310,Express,IP,Cancelada con excusa,12,0,0.0
202310,Express,IP,Cancelada por sanción,10,0,0.0
202310,Express,IP,Cola cancelada por reservación,44,0,0.0
202310,Express,IP,En cola,162,0,0.0
202310,Express,IP,En ejecución,7,0,0.0
202310,Express,IP,Finalizada,610,7,1.1475
202310,Express,IP,No asistió,151,0,0.0
202310,Express,IP,Realizada,100,0,0.0
202310,Express,IP,Reservada,4,0,0.0
202310,Normal,EDA,Cancelada a tiempo,130,0,0.0
202310,Normal,EDA,Cancelada con excusa,1,0,0.0
202310,Normal,EDA,Cancelada por sanción,1,0,0.0
202310,Normal,EDA,Cola cancelada por reservación,20,0,0.0
202310,Normal,EDA,En cola,159,0,0.0
202310,Normal,EDA,En ejecución,6,0,0.0
202310,Normal,EDA,Finalizada,214,214,100.0
202310,Normal,EDA,No asistió,41,0,0.0
202310,Normal,EDA,Realizada,54,39,72.2222
202310,Normal,EDA,Reservada,1,0,0.0
202310,Normal,IP,Cancelada a tiempo,572,0,0.0
202310,Normal,IP,Cancelada con excusa,15,0,0.0
202310,Normal,IP,Cancelada por sanción,15,0,0.0
202310,Normal,IP,Cola cancelada por reservación,94,0,0.0
202310,Normal,IP,En cola,185,0,0.0
202310,Normal,IP,En ejecución,8,0,0.0
202310,Normal,IP,Finalizada,933,16,1.7149
202310,Normal,IP,No asistió,91,0,0.0
202310,Normal,IP,Realizada,133,2,1.5038
202310,Normal pico,IP,Cancelada a tiempo,211,0,0.0
202310,Normal pico,IP,Cancelada con excusa,1,0,0.0
202310,Normal pico,IP,Cancelada por sanción,8,0,0.0
202310,Normal pico,IP,Cola cancelada por reservación,23,0,0.0
202310,Normal pico,IP,En cola,66,0,0.0
202310,Normal pico,IP,En ejecución,3,0,0.0
202310,Normal pico,IP,Finalizada,384,5,1.3021
202310,Normal pico,IP,No asistió,40,0,0.0
202310,Normal pico,IP,Realizada,41,1,2.439
202310,Normal pico,IP,Reservada,5,0,0.0
202319,Normal,EDA,Cancelada a tiempo,12,0,0.0
202319,Normal,EDA,Cola cancelada por reservación,3,0,0.0
202319,Normal,EDA,En cola,3,0,0.0
202319,Normal,EDA,En ejecución,2,0,0.0
202319,Normal,EDA,No asistió,1,0,0.0
202319,Normal,EDA,Realizada,16,16,100.0
202319,Normal,IP,Cancelada a tiempo,59,0,0.0
202319,Normal,IP,Cola cancelada por reservación,7,0,0.0
202319,Normal,IP,En cola,29,0,0.0
202319,Normal,IP,En ejecución,1,0,0.0
202319,Normal,IP,Finalizada,57,57,100.0
202319,Normal,IP,No asistió,9,0,0.0
202319,Normal,IP,Realizada,20,20,100.0
202320,Entrevistas,Entrevista,Cancelada a tiempo,18,0,0.0
202320,Entrevistas,Entrevista,Cancelada con excusa,4,0,0.0
202320,Entrevistas,Entrevista,Finalizada,40,0,0.0
202320,Entrevistas,Entrevista,No asistió,4,0,0.0
202320,Express,EDA,Cancelada a tiempo,104,0,0.0
202320,Express,EDA,Cancelada con excusa,4,0,0.0
202320,Express,EDA,Cola cancelada por reservación,8,0,0.0
202320,Express,EDA,En cola,82,0,0.0
202320,Express,EDA,En ejecución,5,0,0.0
202320,Express,EDA,Finalizada,114,114,100.0
202320,Express,EDA,No asistió,42,0,0.0
202320,Express,EDA,Realizada,32,25,78.125
202320,Express,EDA,Reservada,4,0,0.0
202320,Express,IP,Cancelada a tiempo,579,0,0.0
202320,Express,IP,Cancelada con excusa,16,0,0.0
202320,Express,IP,Cancelada por sanción,9,0,0.0
202320,Express,IP,Cola cancelada por reservación,58,0,0.0
202320,Express,IP,En cola,193,0,0.0
202320,Express,IP,En ejecución,1,0,0.0
202320,Express,IP,Finalizada,676,604,89.3491
202320,Express,IP,No asistió,142,0,0.0
202320,Express,IP,Realizada,90,37,41.1111
202320,Express,IP,Reservada,5,0,0.0
202320,Normal,EDA,Cancelada a tiempo,175,0,0.0
202320,Normal,EDA,Cancelada con excusa,7,0,0.0
202320,Normal,EDA,Cancelada por sanción,7,0,0.0
202320,Normal,EDA,Cola cancelada por reservación,38,0,0.0
202320,Normal,EDA,En cola,212,0,0.0
202320,Normal,EDA,En ejecución,8,0,0.0
202320,Normal,EDA,Finalizada,232,232,100.0
202320,Normal,EDA,No asistió,43,0,0.0
202320,Normal,EDA,Realizada,81,70,86.4198
202320,Normal,EDA,Reservada,3,0,0.0
202320,Normal,IP,Cancelada a tiempo,448,0,0.0
202320,Normal,IP,Cancelada con excusa,10,0,0.0
202320,Normal,IP,Cancelada por sanción,10,0,0.0
202320,Normal,IP,Cola cancelada por reservación,81,0,0.0
202320,Normal,IP,En cola,183,0,0.0
202320,Normal,IP,En ejecución,1,0,0.0
202320,Normal,IP,Finalizada,763,763,100.0
202320,Normal,IP,No asistió,71,0,0.0
202320,Normal,IP,Realizada,84,65,77.381
202320,Normal,IP,Reservada,4,0,0.0
202320,Normal pico,IP,Cancelada a tiempo,165,0,0.0
202320,Normal pico,IP,Cancelada con excusa,4,0,0.0
202320,Normal pico,IP,Cancelada por sanción,10,0,0.0
202320,Normal pico,IP,Cola cancelada por reservación,33,0,0.0
202320,Normal pico,IP,En cola,84,0,0.0
202320,Normal pico,IP,En ejecución,2,0,0.0
202320,Normal pico,IP,Finalizada,356,355,99.7191
202320,Normal pico,IP,No asistió,27,0,0.0
202320,Normal pico,IP,Realizada,54,35,64.8148
202320,Normal pico,IP,Reservada,4,0,0.0
202410,Entrevistas,Entrevista,Cancelada a tiempo,11,0,0.0
202410,Entrevistas,Entrevista,Cancelada con excusa,1,0,0.0
202410,Entrevistas,Entrevista,En ejecución,7,0,0.0
202410,Entrevistas,Entrevista,Finalizada,42,0,0.0
202410,Entrevistas,Entrevista,No asistió,1,0,0.0
202410,Express,EDA,Cancelada a tiempo,28,0,0.0
202410,Express,EDA,Cancelada por sanción,1,0,0.0
202410,Express,EDA,Cola cancelada por reservación,2,0,0.0
202410,Express,EDA,En cola,20,0,0.0
202410,Express,EDA,En ejecución,1,0,0.0
202410,Express,EDA,Finalizada,23,23,100.0
202410,Express,EDA,No asistió,10,0,0.0
202410,Express,EDA,Realizada,15,14,93.3333
202410,Express,IP,Cancelada a tiempo,471,0,0.0
202410,Express,IP,Cancelada con excusa,16,0,0.0
202410,Express,IP,Cancelada por sanción,10,0,0.0
202410,Express,IP,Cola cancelada por reservación,38,0,0.0
202410,Express,IP,En cola,181,0,0.0
202410,Express,IP,En ejecución,13,0,0.0
202410,Express,IP,Finalizada,531,531,100.0
202410,Express,IP,No asistió,135,0,0.0
202410,Express,IP,Realizada,159,129,81.1321
202410,Express,IP,Reservada,5,1,20.0
202410,Normal,EDA,Cancelada a tiempo,110,0,0.0
202410,Normal,EDA,Cancelada con excusa,1,0,0.0
202410,Normal,EDA,Cancelada por sanción,1,0,0.0
202410,Normal,EDA,Cola cancelada por reservación,24,0,0.0
202410,Normal,EDA,En cola,244,0,0.0
202410,Normal,EDA,En ejecución,5,0,0.0
202410,Normal,EDA,Finalizada,154,154,100.0
202410,Normal,EDA,No asistió,33,0,0.0
202410,Normal,EDA,Realizada,57,50,87.7193
202410,Normal,EDA,Reservada,3,0,0.0
202410,Normal,IP,Cancelada a tiempo,525,0,0.0
202410,Normal,IP,Cancelada con excusa,11,0,0.0
202410,Normal,IP,Cancelada por sanción,14,0,0.0
202410,Normal,IP,Cola cancelada por reservación,70,0,0.0
202410,Normal,IP,En cola,176,0,0.0
202410,Normal,IP,En ejecución,12,0,0.0
202410,Normal,IP,Finalizada,703,703,100.0
202410,Normal,IP,No asistió,81,0,0.0
202410,Normal,IP,Realizada,167,136,81.4371
202410,Normal,IP,Reservada,2,0,0.0
202410,Normal pico,IP,Cancelada a tiempo,185,0,0.0
202410,Normal pico,IP,Cancelada con excusa,1,0,0.0
202410,Normal pico,IP,Cancelada por sanción,6,0,0.0
202410,Normal pico,IP,Cola cancelada por reservación,48,0,0.0
202410,Normal pico,IP,En cola,112,0,0.0
202410,Normal pico,IP,En ejecución,9,0,0.0
202410,Normal pico,IP,Finalizada,399,399,100.0
202410,Normal pico,IP,No asistió,28,0,0.0
202410,Normal pico,IP,Realizada,84,63,75.0
202410,Normal pico,IP,Reservada,4,0,0.0
202419,Normal,EDA,Cancelada a tiempo,11,0,0.0
202419,Normal,EDA,Cancelada con excusa,1,0,0.0
202419,Normal,EDA,En cola,9,0,0.0
202419,Normal,EDA,En ejecución,3,0,0.0
202419,Normal,EDA,No asistió,2,0,0.0
202419,Normal,EDA,Realizada,33,33,100.0
202419,Normal,EDA,Reservada,6,0,0.0
202419,Normal,IP,Cancelada a tiempo,20,0,0.0
202419,Normal,IP,Cola cancelada por reservación,2,0,0.0
202419,Normal,IP,En cola,7,0,0.0
202419,Normal,IP,Finalizada,35,35,100.0
202419,Normal,IP,No asistió,1,0,0.0
202419,Normal,IP,Realizada,8,5,62.5
202419,Sala,Sala,Cancelada a tiempo,9,0,0.0
202420,Entrevistas,Entrevista,Cancelada a tiempo,14,0,0.0
202420,Entrevistas,Entrevista,Cancelada con excusa,1,0,0.0
202420,Entrevistas,Entrevista,Finalizada,34,0,0.0
202420,Entrevistas,Entrevista,No asistió,23,0,0.0
202420,Express,EDA,Cancelada a tiempo,9,0,0.0
202420,Express,EDA,En cola,13,0,0.0
202420,Express,EDA,En ejecución,1,0,0.0
202420,Express,EDA,Finalizada,3,3,100.0
202420,Express,EDA,No asistió,4,0,0.0
202420,Express,EDA,Realizada,9,9,100.0
202420,Express,EDA,Reservada,1,0,0.0
202420,Express,IP,Cancelada a tiempo,502,0,0.0
202420,Express,IP,Cancelada con excusa,12,0,0.0
202420,Express,IP,Cancelada por sanción,9,0,0.0
202420,Express,IP,Cola cancelada por reservación,60,0,0.0
202420,Express,IP,En cola,186,0,0.0
202420,Express,IP,En ejecución,6,0,0.0
202420,Express,IP,Finalizada,625,623,99.68
202420,Express,IP,No asistió,105,0,0.0
202420,Express,IP,Realizada,103,61,59.2233
202420,Express,IP,Reservada,2,0,0.0
202420,Normal,EDA,Cancelada a tiempo,43,0,0.0
202420,Normal,EDA,Cola cancelada por reservación,11,0,0.0
202420,Normal,EDA,En cola,127,0,0.0
202420,Normal,EDA,En ejecución,6,0,0.0
202420,Normal,EDA,Finalizada,51,51,100.0
202420,Normal,EDA,No asistió,21,0,0.0
202420,Normal,EDA,Realizada,33,32,96.9697
202420,Normal,EDA,Reservada,2,0,0.0
202420,Normal,IP,Cancelada a tiempo,471,0,0.0
202420,Normal,IP,Cancelada con excusa,16,0,0.0
202420,Normal,IP,Cancelada por sanción,18,0,0.0
202420,Normal,IP,Cola cancelada por reservación,126,0,0.0
202420,Normal,IP,En cola,297,0,0.0
202420,Normal,IP,En ejecución,11,0,0.0
202420,Normal,IP,Finalizada,843,843,100.0
202420,Normal,IP,No asistió,94,0,0.0
202420,Normal,IP,Realizada,204,165,80.8824
202420,Normal,IP,Reservada,1,0,0.0
202420,Normal pico,IP,Cancelada a tiempo,202,0,0.0
202420,Normal pico,IP,Cancelada con excusa,7,1,14.2857
202420,Normal pico,IP,Cancelada por sanción,8,0,0.0
202420,Normal pico,IP,Cola cancelada por reservación,21,0,0.0
202420,Normal pico,IP,En cola,81,0,0.0
202420,Normal pico,IP,En ejecución,2,0,0.0
202420,Normal pico,IP,Finalizada,318,318,100.0
202420,Normal pico,IP,No asistió,59,0,0.0
202420,Normal pico,IP,Realizada,59,23,38.9831
202420,Sala,Sala,Cancelada a tiempo,3,0,0.0
202420,Sala,Sala,Finalizada,12,0,0.0
202420,Sala,Sala,No asistió,1,0,0.0
202510,Entrevistas,Entrevista,Cancelada a tiempo,3,0,0.0
202510,Entrevistas,Entrevista,Finalizada,26,0,0.0
202510,Entrevistas,Entrevista,No asistió,2,0,0.0
202510,Express,EDA,Cancelada a tiempo,34,0,0.0
202510,Express,EDA,Cancelada con excusa,1,0,0.0
202510,Express,EDA,Cola cancelada por reservación,3,0,0.0
202510,Express,EDA,En cola,30,0,0.0
202510,Express,EDA,En ejecución,3,0,0.0
202510,Express,EDA,Finalizada,27,26,96.2963
202510,Express,EDA,No asistió,16,0,0.0
202510,Express,EDA,Realizada,9,5,55.5556
202510,Express,EDA,Reservada,1,0,0.0
202510,Express,IP,Cancelada a tiempo,294,0,0.0
202510,Express,IP,Cancelada con excusa,13,0,0.0
202510,Express,IP,Cancelada por sanción,3,0,0.0
202510,Express,IP,Cola cancelada por reservación,18,0,0.0
202510,Express,IP,En cola,59,0,0.0
202510,Express,IP,En ejecución,9,0,0.0
202510,Express,IP,Finalizada,344,344,100.0
202510,Express,IP,No asistió,74,0,0.0
202510,Express,IP,Realizada,123,86,69.9187
202510,Express,IP,Reservada,1,0,0.0
202510,Express,IP Honores,Cancelada con excusa,1,0,0.0
202510,Express,IP Honores,En ejecución,1,0,0.0
202510,Express,IP Honores,No asistió,1,0,0.0
202510,Normal,EDA,Cancelada a tiempo,23,0,0.0
202510,Normal,EDA,Cancelada con excusa,3,0,0.0
202510,Normal,EDA,Cola cancelada por reservación,4,0,0.0
202510,Normal,EDA,En cola,75,0,0.0
202510,Normal,EDA,En ejecución,2,0,0.0
202510,Normal,EDA,Finalizada,41,41,100.0
202510,Normal,EDA,No asistió,11,0,0.0
202510,Normal,EDA,Realizada,39,34,87.1795
202510,Normal,EDA,Reservada,1,0,0.0
202510,Normal,IP,Cancelada a tiempo,418,0,0.0
202510,Normal,IP,Cancelada con excusa,10,0,0.0
202510,Normal,IP,Cancelada por sanción,11,0,0.0
202510,Normal,IP,Cola cancelada por reservación,76,0,0.0
202510,Normal,IP,En cola,141,0,0.0
202510,Normal,IP,En ejecución,13,0,0.0
202510,Normal,IP,Finalizada,780,778,99.7436
202510,Normal,IP,No asistió,65,0,0.0
202510,Normal,IP,Realizada,186,146,78.4946
202510,Normal,IP,Reservada,7,0,0.0
202510,Normal pico,IP,Cancelada a tiempo,145,0,0.0
202510,Normal pico,IP,Cancelada con excusa,4,1,25.0
202510,Normal pico,IP,Cancelada por sanción,2,0,0.0
202510,Normal pico,IP,Cola cancelada por reservación,5,0,0.0
202510,Normal pico,IP,En cola,16,0,0.0
202510,Normal pico,IP,En ejecución,9,0,0.0
202510,Normal pico,IP,Finalizada,169,169,100.0
202510,Normal pico,IP,No asistió,36,0,0.0
202510,Normal pico,IP,Realizada,56,34,60.7143
202510,Normal pico,IP,Reservada,1,0,0.0
202510,Normal pico,IP Honores,Cancelada con excusa,1,0,0.0
202510,Normal pico,IP Honores,Finalizada,1,0,0.0
202510,Normal pico,IP Honores,No asistió,2,0,0.0
202510,Sala,Sala,Cancelada a tiempo,1,0,0.0
202510,Sala,Sala,Finalizada,2,0,0.0
202519,Normal,EDA,Finalizada,2,2,100.0
202519,Normal,EDA,Realizada,1,0,0.0
202519,Normal,IP,Cancelada a tiempo,9,0,0.0
202519,Normal,IP,En cola,3,0,0.0
202519,Normal,IP,En ejecución,2,0,0.0
202519,Normal,IP,Finalizada,4,4,100.0
202519,Normal,IP,No asistió,2,0,0.0
202519,Normal,IP,Realizada,15,13,86.6667
202520,Entrevistas,Entrevista,Cancelada a tiempo,17,0,0.0
202520,Entrevistas,Entrevista,Cancelada con excusa,2,0,0.0
202520,Entrevistas,Entrevista,En cola,2,0,0.0
202520,Entrevistas,Entrevista,Finalizada,36,0,0.0
202520,Entrevistas,Entrevista,No asistió,5,0,0.0
202520,Express,EDA,Cancelada a tiempo,7,0,0.0
202520,Express,EDA,En cola,3,0,0.0
202520,Express,EDA,En ejecución,1,0,0.0
202520,Express,EDA,Finalizada,1,1,100.0
202520,Express,EDA,No asistió,1,0,0.0
202520,Express,EDA,Realizada,5,3,60.0
202520,Express,EDA,Reservada,1,0,0.0
202520,Express,IP,Cancelada a tiempo,197,0,0.0
202520,Express,IP,Cancelada con excusa,12,0,0.0
202520,Express,IP,Cancelada por sanción,3,0,0.0
202520,Express,IP,Cola cancelada por reservación,7,0,0.0
202520,Express,IP,En cola,10,0,0.0
202520,Express,IP,En ejecución,14,0,0.0
202520,Express,IP,Finalizada,196,86,43.8776
202520,Express,IP,No asistió,61,0,0.0
202520,Express,IP,Realizada,86,12,13.9535
202520,Express,IP,Reservada,1,0,0.0
202520,Normal,EDA,Cancelada a tiempo,14,0,0.0
202520,Normal,EDA,En cola,19,0,0.0
202520,Normal,EDA,En ejecución,6,0,0.0
202520,Normal,EDA,Finalizada,11,9,81.8182
202520,Normal,EDA,No asistió,10,0,0.0
202520,Normal,EDA,Realizada,16,8,50.0
202520,Normal,IP,Cancelada a tiempo,320,0,0.0
202520,Normal,IP,Cancelada con excusa,15,0,0.0
202520,Normal,IP,Cancelada por sanción,6,0,0.0
202520,Normal,IP,Cola cancelada por reservación,69,0,0.0
202520,Normal,IP,En cola,66,0,0.0
202520,Normal,IP,En ejecución,33,0,0.0
202520,Normal,IP,Finalizada,522,236,45.2107
202520,Normal,IP,No asistió,68,0,0.0
202520,Normal,IP,Realizada,186,31,16.6667
202520,Normal,IP,Reservada,2,0,0.0
202520,Normal pico,IP,Cancelada a tiempo,83,0,0.0
202520,Normal pico,IP,Cancelada con excusa,6,1,16.6667
202520,Normal pico,IP,Cancelada por sanción,5,0,0.0
202520,Normal pico,IP,Cola cancelada por reservación,1,0,0.0
202520,Normal pico,IP,En cola,26,0,0.0
202520,Normal pico,IP,En ejecución,10,0,0.0
202520,Normal pico,IP,Finalizada,85,29,34.1176
202520,Normal pico,IP,No asistió,25,0,0.0
202520,Normal pico,IP,Realizada,36,4,11.1111
202520,Sala,Sala,Finalizada,10,0,0.0
202610,Entrevistas,Entrevista,Cancelada a tiempo,20,0,0.0
202610,Entrevistas,Entrevista,Cancelada con excusa,1,0,0.0
202610,Entrevistas,Entrevista,Cola cancelada por reservación,1,0,0.0
202610,Entrevistas,Entrevista,Finalizada,29,0,0.0
202610,Entrevistas,Entrevista,No asistió,3,0,0.0
202610,Entrevistas,Entrevista,Reservada,1,0,0.0
202610,Express,EDA,Cancelada a tiempo,10,0,0.0
202610,Express,EDA,En cola,3,0,0.0
202610,Express,EDA,En ejecución,3,0,0.0
202610,Express,EDA,Finalizada,12,12,100.0
202610,Express,EDA,No asistió,6,0,0.0
202610,Express,EDA,Realizada,2,2,100.0
202610,Express,IP,Cancelada a tiempo,158,0,0.0
202610,Express,IP,Cancelada con excusa,11,0,0.0
202610,Express,IP,Cola cancelada por reservación,4,0,0.0
202610,Express,IP,En cola,13,0,0.0
202610,Express,IP,En ejecución,13,1,7.6923
202610,Express,IP,Finalizada,229,229,100.0
202610,Express,IP,No asistió,60,0,0.0
202610,Express,IP,Realizada,74,37,50.0
202610,Normal,EDA,Cancelada a tiempo,17,0,0.0
202610,Normal,EDA,Cancelada con excusa,2,0,0.0
202610,Normal,EDA,Cola cancelada por reservación,1,0,0.0
202610,Normal,EDA,En cola,9,0,0.0
202610,Normal,EDA,En ejecución,3,0,0.0
202610,Normal,EDA,Finalizada,18,18,100.0
202610,Normal,EDA,No asistió,5,0,0.0
202610,Normal,EDA,Realizada,12,11,91.6667
202610,Normal,IP,Cancelada a tiempo,276,0,0.0
202610,Normal,IP,Cancelada con excusa,7,0,0.0
202610,Normal,IP,Cancelada por sanción,5,0,0.0
202610,Normal,IP,Cola cancelada por reservación,40,0,0.0
202610,Normal,IP,En cola,64,0,0.0
202610,Normal,IP,En ejecución,13,1,7.6923
202610,Normal,IP,Finalizada,569,569,100.0
202610,Normal,IP,No asistió,58,0,0.0
202610,Normal,IP,Realizada,141,62,43.9716
202610,Normal pico,IP,Cancelada a tiempo,22,0,0.0
202610,Normal pico,IP,Cancelada con excusa,2,0,0.0
202610,Normal pico,IP,En ejecución,2,0,0.0
202610,Normal pico,IP,Finalizada,20,20,100.0
202610,Normal pico,IP,No asistió,1,0,0.0
202610,Normal pico,IP,Realizada,7,3,42.8571
202610,Sala,Sala,Cancelada a tiempo,2,0,0.0
202610,Sala,Sala,Finalizada,18,0,0.0
202610,Sala,Sala,No asistió,3,0,0.0
