periodo,tipo_horario,servicio,finalizadas,finalizadas_con_posterior,pct_finalizadas_con_posterior,realizadas,realizadas_con_posterior,pct_realizadas_con_posterior,diferencia_puntos_pct
201810,"Deprecated, Torre Séneca","Deprecated, APO 1",19,19,100.0,5,0,0.0,100.0
201810,"Deprecated, Torre Séneca","Deprecated, APO 2",1,1,100.0,2,0,0.0,100.0
201810,Express,"Deprecated, APO 1",441,441,100.0,2,2,100.0,0.0
201810,Normal,"Deprecated, APO 1",1089,1089,100.0,5,5,100.0,0.0
201810,Normal,"Deprecated, APO 2",131,131,100.0,2,2,100.0,0.0
201820,"Deprecated, Grupal","Deprecated, APO 1",35,35,100.0,2,0,0.0,100.0
201820,Express,"Deprecated, APO 1",490,490,100.0,3,3,100.0,0.0
201820,Normal,"Deprecated, APO 1",1086,1086,100.0,4,4,100.0,0.0
201910,"Deprecated, Express grupal",IP,68,0,0.0,16,0,0.0,0.0
201910,"Deprecated, Grupal","Deprecated, APO 1",26,26,100.0,2,0,0.0,100.0
201910,Express,"Deprecated, APO 1",510,510,100.0,7,7,100.0,0.0
201910,Normal,"Deprecated, APO 1",1022,1022,100.0,7,7,100.0,0.0
201910,Normal,"Deprecated, APO 2",110,110,100.0,1,1,100.0,0.0
201919,Express,"Deprecated, APO 1",14,14,100.0,2,2,100.0,0.0
201919,Express,"Deprecated, APO 2",4,4,100.0,1,1,100.0,0.0
201919,Normal,"Deprecated, APO 1",25,25,100.0,6,6,100.0,0.0
201919,Normal,"Deprecated, APO 2",7,7,100.0,2,2,100.0,0.0
201920,Express,"Deprecated, APO 1",324,324,100.0,7,7,100.0,0.0
201920,Express,"Deprecated, APO 2",48,48,100.0,2,2,100.0,0.0
201920,Normal,"Deprecated, APO 1",692,692,100.0,9,9,100.0,0.0
201920,Normal,"Deprecated, APO 2",128,128,100.0,3,3,100.0,0.0
202010,"Deprecated, Torre Séneca",IP,28,0,0.0,1,0,0.0,0.0
202010,Express,"Deprecated, APO 2",22,22,100.0,1,0,0.0,100.0
202010,Express,IP,590,0,0.0,25,0,0.0,0.0
202010,Normal,"Deprecated, APO 2",93,93,100.0,12,7,58.3333,41.6667
202010,Normal,IP,1032,0,0.0,37,0,0.0,0.0
202019,Express,"Deprecated, APO 2",6,6,100.0,1,0,0.0,100.0
202019,Express,IP,25,0,0.0,1,0,0.0,0.0
202019,Normal,"Deprecated, APO 2",19,19,100.0,3,2,66.6667,33.3333
202019,Normal,IP,33,0,0.0,1,0,0.0,0.0
202019,Normal pico,IP,26,0,0.0,2,0,0.0,0.0
202020,"Deprecated, Grupal",EDA,73,0,0.0,9,0,0.0,0.0
202020,"Deprecated, Nivelación IP","Deprecated, IP Nivelación",14,0,0.0,3,0,0.0,0.0
202020,Express,"Deprecated, APO 2",10,10,100.0,1,0,0.0,100.0
202020,Express,IP,689,0,0.0,18,0,0.0,0.0
202020,Normal,"Deprecated, APO 2",31,31,100.0,1,0,0.0,100.0
202020,Normal,IP,1385,0,0.0,27,0,0.0,0.0
202020,Normal pico,IP,673,0,0.0,54,0,0.0,0.0
202110,"Deprecated, Grupal","Deprecated, DPOO",46,0,0.0,10,0,0.0,0.0
202110,Express,EDA,57,28,49.1228,5,2,40.0,9.1228
202110,Express,IP,683,0,0.0,60,0,0.0,0.0
202110,Normal,EDA,161,85,52.795,15,11,73.3333,-20.5383
202110,Normal,IP,1394,0,0.0,155,0,0.0,0.0
202110,Normal pico,IP,621,0,0.0,55,0,0.0,0.0
202119,Express,IP,11,0,0.0,1,0,0.0,0.0
202119,Normal pico,IP,3,0,0.0,1,0,0.0,0.0
202120,"Deprecated, Grupal","Deprecated, DPOO",66,0,0.0,8,0,0.0,0.0
202120,Express,EDA,76,76,100.0,1,0,0.0,100.0
202120,Express,IP,596,0,0.0,57,0,0.0,0.0
202120,Normal,EDA,168,168,100.0,9,1,11.1111,88.8889
202120,Normal,IP,978,1,0.1022,152,0,0.0,0.1022
202120,Normal pico,IP,366,0,0.0,85,0,0.0,0.0
202210,Express,EDA,34,34,100.0,1,0,0.0,100.0
202210,Express,IP,380,1,0.2632,25,0,0.0,0.2632
202210,Normal,EDA,186,186,100.0,9,0,0.0,100.0
202210,Normal,IP,1197,0,0.0,109,0,0.0,0.0
202210,Normal pico,IP,330,0,0.0,65,0,0.0,0.0
202219,"Deprecated, Nivelación IP","Deprecated, IP Nivelación",10,0,0.0,3,0,0.0,0.0
202219,Normal,IP,39,0,0.0,3,0,0.0,0.0
202220,Express,EDA,48,25,52.0833,4,0,0.0,52.0833
202220,Express,IP,482,1,0.2075,89,0,0.0,0.2075
202220,Normal,EDA,148,148,100.0,8,0,0.0,100.0
202220,Normal,IP,1059,5,0.4721,212,2,0.9434,-0.4713
202220,Normal pico,IP,276,0,0.0,28,0,0.0,0.0
202310,Express,EDA,113,113,100.0,18,11,61.1111,38.8889
202310,Express,IP,610,7,1.1475,100,0,0.0,1.1475
202310,Normal,EDA,214,214,100.0,54,39,72.2222,27.7778
202310,Normal,IP,933,16,1.7149,133,2,1.5038,0.2111
202310,Normal pico,IP,384,5,1.3021,41,1,2.439,-1.1369
202319,Normal,IP,57,57,100.0,20,20,100.0,0.0
202320,Express,EDA,114,114,100.0,32,25,78.125,21.875
202320,Express,IP,676,604,89.3491,90,37,41.1111,48.238
202320,Normal,EDA,232,232,100.0,81,70,86.4198,13.5802
202320,Normal,IP,763,763,100.0,84,65,77.381,22.619
202320,Normal pico,IP,356,355,99.7191,54,35,64.8148,34.9043
202410,Express,EDA,23,23,100.0,15,14,93.3333,6.6667
202410,Express,IP,531,531,100.0,159,129,81.1321,18.8679
202410,Normal,EDA,154,154,100.0,57,50,87.7193,12.2807
202410,Normal,IP,703,703,100.0,167,136,81.4371,18.5629
202410,Normal pico,IP,399,399,100.0,84,63,75.0,25.0
202419,Normal,IP,35,35,100.0,8,5,62.5,37.5
202420,Express,EDA,3,3,100.0,9,9,100.0,0.0
202420,Express,IP,625,623,99.68,103,61,59.2233,40.4567
202420,Normal,EDA,51,51,100.0,33,32,96.9697,3.0303
202420,Normal,IP,843,843,100.0,204,165,80.8824,19.1176
202420,Normal pico,IP,318,318,100.0,59,23,38.9831,61.0169
202510,Express,EDA,27,26,96.2963,9,5,55.5556,40.7407
202510,Express,IP,344,344,100.0,123,86,69.9187,30.0813
202510,Normal,EDA,41,41,100.0,39,34,87.1795,12.8205
202510,Normal,IP,780,778,99.7436,186,146,78.4946,21.249
202510,Normal pico,IP,169,169,100.0,56,34,60.7143,39.2857
202519,Normal,EDA,2,2,100.0,1,0,0.0,100.0
202519,Normal,IP,4,4,100.0,15,13,86.6667,13.3333
202520,Express,EDA,1,1,100.0,5,3,60.0,40.0
202520,Express,IP,196,86,43.8776,86,12,13.9535,29.9241
202520,Normal,EDA,11,9,81.8182,16,8,50.0,31.8182
202520,Normal,IP,522,236,45.2107,186,31,16.6667,28.5441
202520,Normal pico,IP,85,29,34.1176,36,4,11.1111,23.0065
202610,Express,EDA,12,12,100.0,2,2,100.0,0.0
202610,Express,IP,229,229,100.0,74,37,50.0,50.0
202610,Normal,EDA,18,18,100.0,12,11,91.6667,8.3333
202610,Normal,IP,569,569,100.0,141,62,43.9716,56.0284
202610,Normal pico,IP,20,20,100.0,7,3,42.8571,57.1429
