campo,tipo_recomendado,significado
periodo_origen,texto,Código de período derivado del nombre del archivo; no se convierte en mes o fecha.
archivo_origen,texto,Ruta relativa del Excel original.
hoja_origen,texto,Nombre de la hoja del libro.
fila_excel,entero,Número de fila física Excel; las celdas ausentes no desplazan columnas.
programa_normalizado,texto,"Etiqueta adicional en mayúsculas, sin tildes y con espacios compactados; programa conserva el original no vacío."
es_prioritaria,booleano nullable,true/false a partir de sí/no; vacío si el indicador no se reconoce.
duracion_programada_minutos,decimal nullable,Diferencia no negativa entre fecha_fin y fecha_inicio; no representa duración efectiva.
banderas_calidad_json,array JSON,"Motivos para revisar; [] indica que no se activó una regla de esta etapa, no calidad garantizada."
marcada_valida_en_origen,booleano nullable,"Solo en encuestas; copia de la etiqueta Válida/Inválida como indicador, sin redefinir su significado."
reserva_encontrada,booleano,Solo en encuestas; existencia de id_reserva en la fuente Reservas.
diferencias_con_reserva_json,array JSON,"Solo en encuestas; campos no vacíos que difieren de la reserva asociada, tolerando un segundo en fechas."
calificacion_ayuda_tutor,entero nullable,Solo en satisfacción; copia numérica utilizable del valor observado 1–5; original conservado en calificacion_ayuda_tutor_original.
calificacion_en_dominio,booleano nullable,"Solo en satisfacción; true si el valor es 1–5, false si es otro valor no vacío, vacío si no hay respuesta."
estado_reserva_analitico,texto,"R01: Finalizada y Realizada → Atendida, según regla de trabajo aportada por María Alejandra Pérez. Otros estados mantienen su etiqueta; estado_reserva conserva siempre el original. No determina encuesta completada."
incluir_encuesta_en_analisis,booleano nullable,"R02: true para Válida, false para Inválida; vacío si estado desconocido. Aplicar a métricas y análisis de respuestas, no a conteos de auditoría."
motivo_exclusion_encuesta,texto nullable,Motivo explícito de exclusión según R02 o estado desconocido; vacío cuando se incluye la encuesta.
