grupo,archivo_origen,hoja,filas_bronce,filas_plata
Encuesta Express,data/bronce/Bookeau/Encuesta Express/Encuesta Estudiante Express 201620.xlsx,Respuestas,0,0
Encuesta Express,data/bronce/Bookeau/Encuesta Express/Encuesta Estudiante Express 201710.xlsx,Respuestas,781,781
Encuesta Express,data/bronce/Bookeau/Encuesta Express/Encuesta Estudiante Express 201719.xlsx,Respuestas,10,10
Encuesta Express,data/bronce/Bookeau/Encuesta Express/Encuesta Estudiante Express 201720.xlsx,Respuestas,487,487
Encuesta Express,data/bronce/Bookeau/Encuesta Express/Encuesta Estudiante Express 201810.xlsx,Respuestas,498,498
Encuesta Express,data/bronce/Bookeau/Encuesta Express/Encuesta Estudiante Express 201819.xlsx,Respuestas,17,17
Encuesta Express,data/bronce/Bookeau/Encuesta Express/Encuesta Estudiante Express 201820.xlsx,Respuestas,594,594
Encuesta Express,data/bronce/Bookeau/Encuesta Express/Encuesta Estudiante Express 201910.xlsx,Respuestas,614,614
Encuesta Express,data/bronce/Bookeau/Encuesta Express/Encuesta Estudiante Express 201919.xlsx,Respuestas,21,21
Encuesta Express,data/bronce/Bookeau/Encuesta Express/Encuesta Estudiante Express 201920.xlsx,Respuestas,381,381
Encuesta Express,data/bronce/Bookeau/Encuesta Express/Encuesta Estudiante Express 202010.xlsx,Respuestas,22,22
Encuesta Express,data/bronce/Bookeau/Encuesta Express/Encuesta Estudiante Express 202019.xlsx,Respuestas,6,6
Encuesta Express,data/bronce/Bookeau/Encuesta Express/Encuesta Estudiante Express 202020.xlsx,Respuestas,10,10
Encuesta Express,data/bronce/Bookeau/Encuesta Express/Encuesta Estudiante Express 202110.xlsx,Respuestas,30,30
Encuesta Express,data/bronce/Bookeau/Encuesta Express/Encuesta Estudiante Express 202119.xlsx,Respuestas,2,2
Encuesta Express,data/bronce/Bookeau/Encuesta Express/Encuesta Estudiante Express 202120.xlsx,Respuestas,76,76
Encuesta Express,data/bronce/Bookeau/Encuesta Express/Encuesta Estudiante Express 202210.xlsx,Respuestas,35,35
Encuesta Express,data/bronce/Bookeau/Encuesta Express/Encuesta Estudiante Express 202219.xlsx,Respuestas,0,0
Encuesta Express,data/bronce/Bookeau/Encuesta Express/Encuesta Estudiante Express 202220.xlsx,Respuestas,26,26
Encuesta Express,data/bronce/Bookeau/Encuesta Express/Encuesta Estudiante Express 202310.xlsx,Respuestas,131,131
Encuesta Express,data/bronce/Bookeau/Encuesta Express/Encuesta Estudiante Express 202319.xlsx,Respuestas,0,0
Encuesta Express,data/bronce/Bookeau/Encuesta Express/Encuesta Estudiante Express 202320.xlsx,Respuestas,780,780
Encuesta Express,data/bronce/Bookeau/Encuesta Express/Encuesta Estudiante Express 202410.xlsx,Respuestas,698,698
Encuesta Express,data/bronce/Bookeau/Encuesta Express/Encuesta Estudiante Express 202419.xlsx,Respuestas,0,0
Encuesta Express,data/bronce/Bookeau/Encuesta Express/Encuesta Estudiante Express 202420.xlsx,Respuestas,696,696
Encuesta Express,data/bronce/Bookeau/Encuesta Express/Encuesta Estudiante Express 202510.xlsx,Respuestas,461,461
Encuesta Express,data/bronce/Bookeau/Encuesta Express/Encuesta Estudiante Express 202519.xlsx,Respuestas,0,0
Encuesta Express,data/bronce/Bookeau/Encuesta Express/Encuesta Estudiante Express 202520.xlsx,Respuestas,102,102
Encuesta Express,data/bronce/Bookeau/Encuesta Express/Encuesta Estudiante Express 202610.xlsx,Respuestas,281,281
Encuesta Normal,data/bronce/Bookeau/Encuesta Normal/Encuesta Estudiante Normal 201620.xlsx,Respuestas,1309,1309
Encuesta Normal,data/bronce/Bookeau/Encuesta Normal/Encuesta Estudiante Normal 201710.xlsx,Respuestas,1320,1320
Encuesta Normal,data/bronce/Bookeau/Encuesta Normal/Encuesta Estudiante Normal 201719.xlsx,Respuestas,38,38
Encuesta Normal,data/bronce/Bookeau/Encuesta Normal/Encuesta Estudiante Normal 201720.xlsx,Respuestas,1118,1118
Encuesta Normal,data/bronce/Bookeau/Encuesta Normal/Encuesta Estudiante Normal 201810.xlsx,Respuestas,1268,1268
Encuesta Normal,data/bronce/Bookeau/Encuesta Normal/Encuesta Estudiante Normal 201819.xlsx,Respuestas,44,44
Encuesta Normal,data/bronce/Bookeau/Encuesta Normal/Encuesta Estudiante Normal 201820.xlsx,Respuestas,1251,1251
Encuesta Normal,data/bronce/Bookeau/Encuesta Normal/Encuesta Estudiante Normal 201910.xlsx,Respuestas,1175,1175
Encuesta Normal,data/bronce/Bookeau/Encuesta Normal/Encuesta Estudiante Normal 201919.xlsx,Respuestas,40,40
Encuesta Normal,data/bronce/Bookeau/Encuesta Normal/Encuesta Estudiante Normal 201920.xlsx,Respuestas,917,917
Encuesta Normal,data/bronce/Bookeau/Encuesta Normal/Encuesta Estudiante Normal 202010.xlsx,Respuestas,103,103
Encuesta Normal,data/bronce/Bookeau/Encuesta Normal/Encuesta Estudiante Normal 202019.xlsx,Respuestas,21,21
Encuesta Normal,data/bronce/Bookeau/Encuesta Normal/Encuesta Estudiante Normal 202020.xlsx,Respuestas,31,31
Encuesta Normal,data/bronce/Bookeau/Encuesta Normal/Encuesta Estudiante Normal 202110.xlsx,Respuestas,96,96
Encuesta Normal,data/bronce/Bookeau/Encuesta Normal/Encuesta Estudiante Normal 202119.xlsx,Respuestas,12,12
Encuesta Normal,data/bronce/Bookeau/Encuesta Normal/Encuesta Estudiante Normal 202120.xlsx,Respuestas,170,170
Encuesta Normal,data/bronce/Bookeau/Encuesta Normal/Encuesta Estudiante Normal 202210.xlsx,Respuestas,186,186
Encuesta Normal,data/bronce/Bookeau/Encuesta Normal/Encuesta Estudiante Normal 202219.xlsx,Respuestas,0,0
Encuesta Normal,data/bronce/Bookeau/Encuesta Normal/Encuesta Estudiante Normal 202220.xlsx,Respuestas,155,155
Encuesta Normal,data/bronce/Bookeau/Encuesta Normal/Encuesta Estudiante Normal 202310.xlsx,Respuestas,277,277
Encuesta Normal,data/bronce/Bookeau/Encuesta Normal/Encuesta Estudiante Normal 202319.xlsx,Respuestas,93,93
Encuesta Normal,data/bronce/Bookeau/Encuesta Normal/Encuesta Estudiante Normal 202320.xlsx,Respuestas,1520,1520
Encuesta Normal,data/bronce/Bookeau/Encuesta Normal/Encuesta Estudiante Normal 202410.xlsx,Respuestas,1505,1505
Encuesta Normal,data/bronce/Bookeau/Encuesta Normal/Encuesta Estudiante Normal 202419.xlsx,Respuestas,73,73
Encuesta Normal,data/bronce/Bookeau/Encuesta Normal/Encuesta Estudiante Normal 202420.xlsx,Respuestas,1433,1433
Encuesta Normal,data/bronce/Bookeau/Encuesta Normal/Encuesta Estudiante Normal 202510.xlsx,Respuestas,1203,1203
Encuesta Normal,data/bronce/Bookeau/Encuesta Normal/Encuesta Estudiante Normal 202519.xlsx,Respuestas,19,19
Encuesta Normal,data/bronce/Bookeau/Encuesta Normal/Encuesta Estudiante Normal 202520.xlsx,Respuestas,318,318
Encuesta Normal,data/bronce/Bookeau/Encuesta Normal/Encuesta Estudiante Normal 202610.xlsx,Respuestas,684,684
Encuesta Reserva Express,data/bronce/Bookeau/Encuesta Reserva Express/Encuesta Reserva Express IP 201920.xlsx,Respuestas,106,106
Encuesta Reserva Express,data/bronce/Bookeau/Encuesta Reserva Express/Encuesta Reserva Express IP 202010.xlsx,Respuestas,1056,1056
Encuesta Reserva Express,data/bronce/Bookeau/Encuesta Reserva Express/Encuesta Reserva Express IP 202020.xlsx,Respuestas,1048,1048
Encuesta Reserva Express,data/bronce/Bookeau/Encuesta Reserva Express/Encuesta Reserva Express IP 202110.xlsx,Respuestas,1157,1157
Encuesta Reserva Express,data/bronce/Bookeau/Encuesta Reserva Express/Encuesta Reserva Express IP 202120.xlsx,Respuestas,1065,1065
Encuesta Reserva Express,data/bronce/Bookeau/Encuesta Reserva Express/Encuesta Reserva Express IP 202210.xlsx,Respuestas,837,837
Encuesta Reserva Express,data/bronce/Bookeau/Encuesta Reserva Express/Encuesta Reserva Express IP 202220.xlsx,Respuestas,1041,1041
Encuesta Reserva Express,data/bronce/Bookeau/Encuesta Reserva Express/Encuesta Reserva Express IP 202310.xlsx,Respuestas,1312,1312
Encuesta Reserva Express,data/bronce/Bookeau/Encuesta Reserva Express/Encuesta Reserva Express IP 202320.xlsx,Respuestas,1517,1517
Encuesta Reserva Express,data/bronce/Bookeau/Encuesta Reserva Express/Encuesta Reserva Express IP 202410.xlsx,Respuestas,1340,1340
Encuesta Reserva Express,data/bronce/Bookeau/Encuesta Reserva Express/Encuesta Reserva Express IP 202420.xlsx,Respuestas,1359,1359
Encuesta Reserva Express,data/bronce/Bookeau/Encuesta Reserva Express/Encuesta Reserva Express IP 202510.xlsx,Respuestas,862,862
Encuesta Reserva Express,data/bronce/Bookeau/Encuesta Reserva Express/Encuesta Reserva Express IP 202520.xlsx,Respuestas,570,570
Encuesta Reserva Express,data/bronce/Bookeau/Encuesta Reserva Express/Encuesta Reserva Express IP 202610.xlsx,Respuestas,545,545
Encuesta Reserva Normal IP,data/bronce/Bookeau/Encuesta Reserva Normal IP/Encuesta Reserva Normal IP 201920.xlsx,Respuestas,157,157
Encuesta Reserva Normal IP,data/bronce/Bookeau/Encuesta Reserva Normal IP/Encuesta Reserva Normal IP 202010.xlsx,Respuestas,1691,1691
Encuesta Reserva Normal IP,data/bronce/Bookeau/Encuesta Reserva Normal IP/Encuesta Reserva Normal IP 202020.xlsx,Respuestas,1955,1955
Encuesta Reserva Normal IP,data/bronce/Bookeau/Encuesta Reserva Normal IP/Encuesta Reserva Normal IP 202110.xlsx,Respuestas,2274,2274
Encuesta Reserva Normal IP,data/bronce/Bookeau/Encuesta Reserva Normal IP/Encuesta Reserva Normal IP 202120.xlsx,Respuestas,1693,1693
Encuesta Reserva Normal IP,data/bronce/Bookeau/Encuesta Reserva Normal IP/Encuesta Reserva Normal IP 202210.xlsx,Respuestas,2220,2220
Encuesta Reserva Normal IP,data/bronce/Bookeau/Encuesta Reserva Normal IP/Encuesta Reserva Normal IP 202220.xlsx,Respuestas,2170,2170
Encuesta Reserva Normal IP,data/bronce/Bookeau/Encuesta Reserva Normal IP/Encuesta Reserva Normal IP 202310.xlsx,Respuestas,2212,2212
Encuesta Reserva Normal IP,data/bronce/Bookeau/Encuesta Reserva Normal IP/Encuesta Reserva Normal IP 202320.xlsx,Respuestas,2010,2010
Encuesta Reserva Normal IP,data/bronce/Bookeau/Encuesta Reserva Normal IP/Encuesta Reserva Normal IP 202410.xlsx,Respuestas,2228,2228
Encuesta Reserva Normal IP,data/bronce/Bookeau/Encuesta Reserva Normal IP/Encuesta Reserva Normal IP 202420.xlsx,Respuestas,2302,2302
Encuesta Reserva Normal IP,data/bronce/Bookeau/Encuesta Reserva Normal IP/Encuesta Reserva Normal IP 202520.xlsx,Respuestas,1402,1402
Encuesta Reserva Normal IP,data/bronce/Bookeau/Encuesta Reserva Normal IP/Encuesta Reserva Normal IP 202610.xlsx,Respuestas,1123,1123
Reservas,data/bronce/Bookeau/Reservas/Reservas201620.xlsx,Citas,2846,2846
Reservas,data/bronce/Bookeau/Reservas/Reservas201710.xlsx,Citas,3930,3930
Reservas,data/bronce/Bookeau/Reservas/Reservas201719.xlsx,Citas,80,80
Reservas,data/bronce/Bookeau/Reservas/Reservas201720.xlsx,Citas,3372,3372
Reservas,data/bronce/Bookeau/Reservas/Reservas201810.xlsx,Citas,3821,3821
Reservas,data/bronce/Bookeau/Reservas/Reservas201819.xlsx,Citas,132,132
Reservas,data/bronce/Bookeau/Reservas/Reservas201820.xlsx,Citas,4002,4002
Reservas,data/bronce/Bookeau/Reservas/Reservas201910.xlsx,Citas,4495,4495
Reservas,data/bronce/Bookeau/Reservas/Reservas201919.xlsx,Citas,106,106
Reservas,data/bronce/Bookeau/Reservas/Reservas201920.xlsx,Citas,3471,3471
Reservas,data/bronce/Bookeau/Reservas/Reservas202010.xlsx,Citas,4287,4287
Reservas,data/bronce/Bookeau/Reservas/Reservas202019.xlsx,Citas,240,240
Reservas,data/bronce/Bookeau/Reservas/Reservas202020.xlsx,Citas,5248,5248
Reservas,data/bronce/Bookeau/Reservas/Reservas202110.xlsx,Citas,6077,6077
Reservas,data/bronce/Bookeau/Reservas/Reservas202119.xlsx,Citas,110,110
Reservas,data/bronce/Bookeau/Reservas/Reservas202120.xlsx,Citas,4596,4596
Reservas,data/bronce/Bookeau/Reservas/Reservas202210.xlsx,Citas,5163,5163
Reservas,data/bronce/Bookeau/Reservas/Reservas202219.xlsx,Citas,102,102
Reservas,data/bronce/Bookeau/Reservas/Reservas202220.xlsx,Citas,5563,5563
Reservas,data/bronce/Bookeau/Reservas/Reservas202310.xlsx,Citas,5487,5487
Reservas,data/bronce/Bookeau/Reservas/Reservas202319.xlsx,Citas,219,219
Reservas,data/bronce/Bookeau/Reservas/Reservas202320.xlsx,Citas,5430,5430
Reservas,data/bronce/Bookeau/Reservas/Reservas202410.xlsx,Citas,4990,4990
Reservas,data/bronce/Bookeau/Reservas/Reservas202419.xlsx,Citas,147,147
Reservas,data/bronce/Bookeau/Reservas/Reservas202420.xlsx,Citas,4870,4870
Reservas,data/bronce/Bookeau/Reservas/Reservas202510.xlsx,Citas,3452,3452
Reservas,data/bronce/Bookeau/Reservas/Reservas202519.xlsx,Citas,38,38
Reservas,data/bronce/Bookeau/Reservas/Reservas202520.xlsx,Citas,2318,2318
Reservas,data/bronce/Bookeau/Reservas/Reservas202610.xlsx,Citas,1970,1970
