fuente,id_reserva,estado_en_reservas,estado_encuesta,periodo,archivo_origen,hoja_origen,fila_excel,interpretacion
encuesta_satisfaccion_normal,1,Cancelada con excusa,Válida,201620,data/bronce/Bookeau/Encuesta Normal/Encuesta Estudiante Normal 201620.xlsx,Respuestas,2,Sin contenido en preguntas exportadas; obligatoriedad e instrumento histórico pendientes de confirmar
encuesta_satisfaccion_normal,324,Finalizada,Válida,201620,data/bronce/Bookeau/Encuesta Normal/Encuesta Estudiante Normal 201620.xlsx,Respuestas,98,Sin contenido en preguntas exportadas; obligatoriedad e instrumento histórico pendientes de confirmar
encuesta_satisfaccion_normal,377,Finalizada,Válida,201620,data/bronce/Bookeau/Encuesta Normal/Encuesta Estudiante Normal 201620.xlsx,Respuestas,164,Sin contenido en preguntas exportadas; obligatoriedad e instrumento histórico pendientes de confirmar
encuesta_satisfaccion_normal,577,Finalizada,Válida,201620,data/bronce/Bookeau/Encuesta Normal/Encuesta Estudiante Normal 201620.xlsx,Respuestas,228,Sin contenido en preguntas exportadas; obligatoriedad e instrumento histórico pendientes de confirmar
encuesta_satisfaccion_normal,901,Finalizada,Válida,201620,data/bronce/Bookeau/Encuesta Normal/Encuesta Estudiante Normal 201620.xlsx,Respuestas,301,Sin contenido en preguntas exportadas; obligatoriedad e instrumento histórico pendientes de confirmar
encuesta_satisfaccion_normal,942,Finalizada,Válida,201620,data/bronce/Bookeau/Encuesta Normal/Encuesta Estudiante Normal 201620.xlsx,Respuestas,320,Sin contenido en preguntas exportadas; obligatoriedad e instrumento histórico pendientes de confirmar
encuesta_satisfaccion_normal,953,Finalizada,Válida,201620,data/bronce/Bookeau/Encuesta Normal/Encuesta Estudiante Normal 201620.xlsx,Respuestas,324,Sin contenido en preguntas exportadas; obligatoriedad e instrumento histórico pendientes de confirmar
encuesta_satisfaccion_normal,1012,Finalizada,Válida,201620,data/bronce/Bookeau/Encuesta Normal/Encuesta Estudiante Normal 201620.xlsx,Respuestas,346,Sin contenido en preguntas exportadas; obligatoriedad e instrumento histórico pendientes de confirmar
encuesta_satisfaccion_normal,939,Finalizada,Válida,201620,data/bronce/Bookeau/Encuesta Normal/Encuesta Estudiante Normal 201620.xlsx,Respuestas,354,Sin contenido en preguntas exportadas; obligatoriedad e instrumento histórico pendientes de confirmar
encuesta_satisfaccion_normal,998,Finalizada,Válida,201620,data/bronce/Bookeau/Encuesta Normal/Encuesta Estudiante Normal 201620.xlsx,Respuestas,357,Sin contenido en preguntas exportadas; obligatoriedad e instrumento histórico pendientes de confirmar
encuesta_satisfaccion_normal,891,Finalizada,Válida,201620,data/bronce/Bookeau/Encuesta Normal/Encuesta Estudiante Normal 201620.xlsx,Respuestas,367,Sin contenido en preguntas exportadas; obligatoriedad e instrumento histórico pendientes de confirmar
encuesta_satisfaccion_normal,983,Finalizada,Válida,201620,data/bronce/Bookeau/Encuesta Normal/Encuesta Estudiante Normal 201620.xlsx,Respuestas,445,Sin contenido en preguntas exportadas; obligatoriedad e instrumento histórico pendientes de confirmar
encuesta_satisfaccion_normal,1228,Finalizada,Válida,201620,data/bronce/Bookeau/Encuesta Normal/Encuesta Estudiante Normal 201620.xlsx,Respuestas,495,Sin contenido en preguntas exportadas; obligatoriedad e instrumento histórico pendientes de confirmar
