periodo,estado,eventos,con_posterior,pct_con_posterior
201620,Finalizada,1308,1308,100.0
201710,Finalizada,2264,2101,92.8004
201719,Finalizada,48,48,100.0
201720,Finalizada,1691,1604,94.8551
201810,Finalizada,1894,1757,92.7666
201810,Realizada,16,9,56.25
201819,Finalizada,61,61,100.0
201820,Finalizada,1935,1835,94.832
201820,Realizada,9,7,77.7778
201910,Finalizada,1871,1774,94.8156
201910,Realizada,33,15,45.4545
201919,Finalizada,50,50,100.0
201919,Realizada,11,11,100.0
201920,Finalizada,1490,1277,85.7047
201920,Realizada,21,21,100.0
202010,Finalizada,1800,118,6.5556
202010,Realizada,76,7,9.2105
202019,Finalizada,120,25,20.8333
202019,Realizada,8,2,25.0
202020,Finalizada,2910,41,1.4089
202020,Realizada,113,0,0.0
202110,Finalizada,3004,113,3.7617
202110,Realizada,300,13,4.3333
202119,Finalizada,50,14,28.0
202119,Realizada,2,0,0.0
202120,Finalizada,2284,245,10.7268
202120,Realizada,312,1,0.3205
202210,Finalizada,2162,221,10.222
202210,Realizada,209,0,0.0
202219,Finalizada,49,0,0.0
202219,Realizada,6,0,0.0
202220,Finalizada,2073,179,8.6348
202220,Realizada,341,2,0.5865
202310,Finalizada,2314,355,15.3414
202310,Realizada,346,53,15.3179
202319,Finalizada,57,57,100.0
202319,Realizada,36,36,100.0
202320,Finalizada,2181,2068,94.8189
202320,Realizada,341,232,68.0352
202410,Finalizada,1852,1810,97.7322
202410,Realizada,482,392,81.3278
202419,Finalizada,35,35,100.0
202419,Realizada,41,38,92.6829
202420,Finalizada,1886,1838,97.4549
202420,Realizada,408,290,71.0784
202510,Finalizada,1390,1358,97.6978
202510,Realizada,413,305,73.8499
202519,Finalizada,6,6,100.0
202519,Realizada,16,13,81.25
202520,Finalizada,861,361,41.928
202520,Realizada,329,58,17.6292
202610,Finalizada,895,848,94.7486
202610,Realizada,236,115,48.7288
