grupo_encuesta,estado_en_reservas,estado_en_encuesta,filas
Encuesta Express,En ejecución,Realizada,1
Encuesta Express,Finalizada,Finalizada,6298
Encuesta Express,Finalizada,Realizada,1
Encuesta Express,Realizada,Finalizada,3
Encuesta Express,Realizada,Realizada,454
Encuesta Express,Reservada,Reservada,2
Encuesta Normal,Cancelada con excusa,Cancelada con excusa,5
Encuesta Normal,En ejecución,Realizada,1
Encuesta Normal,Finalizada,Finalizada,15199
Encuesta Normal,Finalizada,Realizada,9
Encuesta Normal,Realizada,Finalizada,7
Encuesta Normal,Realizada,Realizada,1156
Encuesta Normal,Reservada,Reservada,2
Encuesta Reserva Express,Cancelada a tiempo,Cancelada a tiempo,4670
Encuesta Reserva Express,Cancelada con excusa,Cancelada con excusa,170
Encuesta Reserva Express,Cancelada por sanción,Cancelada por sanción,88
Encuesta Reserva Express,En ejecución,En ejecución,67
Encuesta Reserva Express,En ejecución,Realizada,5
Encuesta Reserva Express,Finalizada,Finalizada,6545
Encuesta Reserva Express,No asistió,No asistió,1236
Encuesta Reserva Express,Realizada,Finalizada,10
Encuesta Reserva Express,Realizada,Realizada,999
Encuesta Reserva Express,Reservada,Reservada,25
Encuesta Reserva Normal IP,Cancelada a tiempo,Cancelada a tiempo,6826
Encuesta Reserva Normal IP,Cancelada con excusa,Cancelada con excusa,202
Encuesta Reserva Normal IP,Cancelada por sanción,Cancelada por sanción,189
Encuesta Reserva Normal IP,En ejecución,En ejecución,106
Encuesta Reserva Normal IP,En ejecución,Finalizada,2
Encuesta Reserva Normal IP,En ejecución,Realizada,10
Encuesta Reserva Normal IP,Finalizada,Finalizada,12882
Encuesta Reserva Normal IP,No asistió,No asistió,1304
Encuesta Reserva Normal IP,Realizada,Finalizada,24
Encuesta Reserva Normal IP,Realizada,Realizada,1864
Encuesta Reserva Normal IP,Reservada,Reservada,28
