estado_en_reservas,eventos,con_encuesta_posterior_exportada,sin_encuesta_posterior_exportada,pct_con_posterior_exportada,con_encuesta_previa_exportada,pct_con_previa_exportada
Cancelada,1764,0,1764,0.0,0,0.0
Cancelada a tiempo,18147,0,18147,0.0,11496,63.3493
Cancelada con excusa,784,5,779,0.6378,372,47.449
Cancelada por sanción,2523,0,2523,0.0,277,10.979
Cancelada y sancionada,286,0,286,0.0,0,0.0
Cola cancelada por reservación,4603,0,4603,0.0,0,0.0
En cola,10215,0,10215,0.0,0,0.0
En ejecución,307,2,305,0.6515,190,61.8893
Finalizada,38541,21507,17034,55.8029,19427,50.4061
No asistió,5086,0,5086,0.0,2540,49.941
Realizada,4105,1620,2485,39.4641,2897,70.5725
Reservada,201,4,197,1.99,53,26.3682
