periodo,servicio_original,n_express,n_normal,media_express_provisional,media_normal_provisional,completitud_item_express_pct,completitud_item_normal_pct,limite
201819,"Deprecated, APO 1",10,31,4.8,4.9355,100.0,100.0,"Misma pregunta/periodo/servicio; no garantiza equivalencia histórica, ausencia de sesgo ni efecto causal"
201819,"Deprecated, APO 2",7,13,5,4.9231,100.0,100.0,"Misma pregunta/periodo/servicio; no garantiza equivalencia histórica, ausencia de sesgo ni efecto causal"
201820,"Deprecated, APO 1",490,1086,4.8551,4.8766,100.0,100.0,"Misma pregunta/periodo/servicio; no garantiza equivalencia histórica, ausencia de sesgo ni efecto causal"
201820,"Deprecated, APO 2",50,108,4.9,4.8148,100.0,100.0,"Misma pregunta/periodo/servicio; no garantiza equivalencia histórica, ausencia de sesgo ni efecto causal"
201820,"Deprecated, Apoyo",14,22,4.9286,4.9545,100.0,100.0,"Misma pregunta/periodo/servicio; no garantiza equivalencia histórica, ausencia de sesgo ni efecto causal"
201820,"Deprecated, IP Nivelación",1,1,5,5,100.0,100.0,"Misma pregunta/periodo/servicio; no garantiza equivalencia histórica, ausencia de sesgo ni efecto causal"
201910,"Deprecated, APO 1",507,1022,4.8107,4.8503,100.0,100.0,"Misma pregunta/periodo/servicio; no garantiza equivalencia histórica, ausencia de sesgo ni efecto causal"
201910,"Deprecated, APO 2",48,94,4.7708,4.7979,100.0,100.0,"Misma pregunta/periodo/servicio; no garantiza equivalencia histórica, ausencia de sesgo ni efecto causal"
201910,"Deprecated, Apoyo",10,3,5,4.6667,100.0,100.0,"Misma pregunta/periodo/servicio; no garantiza equivalencia histórica, ausencia de sesgo ni efecto causal"
201910,"Deprecated, IP Nivelación",11,14,5,4.7857,100.0,100.0,"Misma pregunta/periodo/servicio; no garantiza equivalencia histórica, ausencia de sesgo ni efecto causal"
201919,"Deprecated, APO 1",16,31,4.8125,4.9032,100.0,100.0,"Misma pregunta/periodo/servicio; no garantiza equivalencia histórica, ausencia de sesgo ni efecto causal"
201919,"Deprecated, APO 2",5,9,5,4.6667,100.0,100.0,"Misma pregunta/periodo/servicio; no garantiza equivalencia histórica, ausencia de sesgo ni efecto causal"
201920,"Deprecated, APO 1",329,698,4.8754,4.8625,100.0,100.0,"Misma pregunta/periodo/servicio; no garantiza equivalencia histórica, ausencia de sesgo ni efecto causal"
201920,"Deprecated, APO 2",49,130,4.9184,4.8615,100.0,100.0,"Misma pregunta/periodo/servicio; no garantiza equivalencia histórica, ausencia de sesgo ni efecto causal"
202010,"Deprecated, APO 2",22,100,4.8636,4.64,100.0,100.0,"Misma pregunta/periodo/servicio; no garantiza equivalencia histórica, ausencia de sesgo ni efecto causal"
202019,"Deprecated, APO 2",6,21,4.8333,4.9524,100.0,100.0,"Misma pregunta/periodo/servicio; no garantiza equivalencia histórica, ausencia de sesgo ni efecto causal"
202020,"Deprecated, APO 2",10,31,4.7,4.9032,100.0,100.0,"Misma pregunta/periodo/servicio; no garantiza equivalencia histórica, ausencia de sesgo ni efecto causal"
202110,EDA,30,96,4.3667,4.7604,100.0,100.0,"Misma pregunta/periodo/servicio; no garantiza equivalencia histórica, ausencia de sesgo ni efecto causal"
202119,EDA,2,12,5,5,100.0,100.0,"Misma pregunta/periodo/servicio; no garantiza equivalencia histórica, ausencia de sesgo ni efecto causal"
202120,EDA,76,169,4.6447,4.6805,100.0,100.0,"Misma pregunta/periodo/servicio; no garantiza equivalencia histórica, ausencia de sesgo ni efecto causal"
202210,EDA,34,186,4.5294,4.3978,100.0,100.0,"Misma pregunta/periodo/servicio; no garantiza equivalencia histórica, ausencia de sesgo ni efecto causal"
202220,EDA,24,148,4.6667,4.7432,100.0,100.0,"Misma pregunta/periodo/servicio; no garantiza equivalencia histórica, ausencia de sesgo ni efecto causal"
202220,IP,1,7,5,4.8571,100.0,100.0,"Misma pregunta/periodo/servicio; no garantiza equivalencia histórica, ausencia de sesgo ni efecto causal"
202310,EDA,124,250,4.6532,4.776,100.0,100.0,"Misma pregunta/periodo/servicio; no garantiza equivalencia histórica, ausencia de sesgo ni efecto causal"
202310,IP,7,18,5,4.8889,100.0,100.0,"Misma pregunta/periodo/servicio; no garantiza equivalencia histórica, ausencia de sesgo ni efecto causal"
202320,EDA,138,300,4.6739,4.7033,100.0,100.0,"Misma pregunta/periodo/servicio; no garantiza equivalencia histórica, ausencia de sesgo ni efecto causal"
202320,IP,632,823,4.625,4.7558,100.0,100.0,"Misma pregunta/periodo/servicio; no garantiza equivalencia histórica, ausencia de sesgo ni efecto causal"
202410,EDA,37,202,4.8108,4.7129,100.0,100.0,"Misma pregunta/periodo/servicio; no garantiza equivalencia histórica, ausencia de sesgo ni efecto causal"
202410,IP,659,822,4.6161,4.7105,100.0,100.0,"Misma pregunta/periodo/servicio; no garantiza equivalencia histórica, ausencia de sesgo ni efecto causal"
202420,EDA,12,83,4.5,4.5542,100.0,100.0,"Misma pregunta/periodo/servicio; no garantiza equivalencia histórica, ausencia de sesgo ni efecto causal"
202420,IP,675,1002,4.5956,4.7455,100.0,100.0,"Misma pregunta/periodo/servicio; no garantiza equivalencia histórica, ausencia de sesgo ni efecto causal"
202510,EDA,31,75,4.7742,4.84,100.0,100.0,"Misma pregunta/periodo/servicio; no garantiza equivalencia histórica, ausencia de sesgo ni efecto causal"
202510,IP,430,923,4.6116,4.701,100.0,100.0,"Misma pregunta/periodo/servicio; no garantiza equivalencia histórica, ausencia de sesgo ni efecto causal"
202520,EDA,4,17,5,4.4706,100.0,100.0,"Misma pregunta/periodo/servicio; no garantiza equivalencia histórica, ausencia de sesgo ni efecto causal"
202520,IP,95,267,4.6105,4.794,100.0,100.0,"Misma pregunta/periodo/servicio; no garantiza equivalencia histórica, ausencia de sesgo ni efecto causal"
202610,EDA,14,28,4.7857,4.8214,100.0,100.0,"Misma pregunta/periodo/servicio; no garantiza equivalencia histórica, ausencia de sesgo ni efecto causal"
202610,IP,267,627,4.6891,4.7305,100.0,100.0,"Misma pregunta/periodo/servicio; no garantiza equivalencia histórica, ausencia de sesgo ni efecto causal"
