grupo,periodo,filas
Encuesta Express,201710,781
Encuesta Express,201719,10
Encuesta Express,201720,487
Encuesta Express,201810,498
Encuesta Express,201819,17
Encuesta Express,201820,594
Encuesta Express,201910,614
Encuesta Express,201919,21
Encuesta Express,201920,381
Encuesta Express,202010,22
Encuesta Express,202019,6
Encuesta Express,202020,10
Encuesta Express,202110,30
Encuesta Express,202119,2
Encuesta Express,202120,76
Encuesta Express,202210,35
Encuesta Express,202220,26
Encuesta Express,202310,131
Encuesta Express,202320,780
Encuesta Express,202410,698
Encuesta Express,202420,696
Encuesta Express,202510,461
Encuesta Express,202520,102
Encuesta Express,202610,281
Encuesta Normal,201620,1309
Encuesta Normal,201710,1320
Encuesta Normal,201719,38
Encuesta Normal,201720,1118
Encuesta Normal,201810,1268
Encuesta Normal,201819,44
Encuesta Normal,201820,1251
Encuesta Normal,201910,1175
Encuesta Normal,201919,40
Encuesta Normal,201920,917
Encuesta Normal,202010,103
Encuesta Normal,202019,21
Encuesta Normal,202020,31
Encuesta Normal,202110,96
Encuesta Normal,202119,12
Encuesta Normal,202120,170
Encuesta Normal,202210,186
Encuesta Normal,202220,155
Encuesta Normal,202310,277
Encuesta Normal,202319,93
Encuesta Normal,202320,1520
Encuesta Normal,202410,1505
Encuesta Normal,202419,73
Encuesta Normal,202420,1433
Encuesta Normal,202510,1203
Encuesta Normal,202519,19
Encuesta Normal,202520,318
Encuesta Normal,202610,684
Encuesta Reserva Express,201920,106
Encuesta Reserva Express,202010,1056
Encuesta Reserva Express,202020,1048
Encuesta Reserva Express,202110,1157
Encuesta Reserva Express,202120,1065
Encuesta Reserva Express,202210,837
Encuesta Reserva Express,202220,1041
Encuesta Reserva Express,202310,1312
Encuesta Reserva Express,202320,1517
Encuesta Reserva Express,202410,1340
Encuesta Reserva Express,202420,1359
Encuesta Reserva Express,202510,862
Encuesta Reserva Express,202520,570
Encuesta Reserva Express,202610,545
Encuesta Reserva Normal IP,201920,157
Encuesta Reserva Normal IP,202010,1691
Encuesta Reserva Normal IP,202020,1955
Encuesta Reserva Normal IP,202110,2274
Encuesta Reserva Normal IP,202120,1693
Encuesta Reserva Normal IP,202210,2220
Encuesta Reserva Normal IP,202220,2170
Encuesta Reserva Normal IP,202310,2212
Encuesta Reserva Normal IP,202320,2010
Encuesta Reserva Normal IP,202410,2228
Encuesta Reserva Normal IP,202420,2302
Encuesta Reserva Normal IP,202520,1402
Encuesta Reserva Normal IP,202610,1123
Reservas,201620,2846
Reservas,201710,3930
Reservas,201719,80
Reservas,201720,3372
Reservas,201810,3821
Reservas,201819,132
Reservas,201820,4002
Reservas,201910,4495
Reservas,201919,106
Reservas,201920,3471
Reservas,202010,4287
Reservas,202019,240
Reservas,202020,5248
Reservas,202110,6077
Reservas,202119,110
Reservas,202120,4596
Reservas,202210,5163
Reservas,202219,102
Reservas,202220,5563
Reservas,202310,5487
Reservas,202319,219
Reservas,202320,5430
Reservas,202410,4990
Reservas,202419,147
Reservas,202420,4870
Reservas,202510,3452
Reservas,202519,38
Reservas,202520,2318
Reservas,202610,1970
