grupo,variable,valor_normalizado_candidato,variantes_originales_json,filas
Encuesta Express,Programa,ingenieria quimica,"[[""INGENIERIA QUIMICA"", 620], [""INGENIERÍA QUIMICA"", 1]]",621
Encuesta Express,Programa,ingenieria electronica,"[[""INGENIERIA ELECTRONICA"", 326], [""Ingeniería Electrónica"", 8], [""INGENIERÍA ELECTRONICA"", 9]]",343
Encuesta Express,Programa,ingenieria biomedica,"[[""INGENIERIA BIOMEDICA"", 379], [""INGENIERÍA BIOMEDICA"", 4], [""Ingeniería Biomédica"", 6]]",389
Encuesta Express,Programa,ingenieria electrica,"[[""INGENIERIA ELECTRICA"", 148], [""INGENIERÍA ELECTRICA"", 2]]",150
Encuesta Express,Programa,ingenieria civil,"[[""INGENIERIA CIVIL"", 211], [""INGENIERÍA CIVIL"", 152]]",363
Encuesta Express,Programa,estudios dirigidos,"[[""ESTUDIOS DIRIGIDOS"", 143], [""Estudios Dirigidos"", 1]]",144
Encuesta Express,Programa,ingenieria industrial,"[[""INGENIERIA INDUSTRIAL"", 1622], [""Ingeniería Industrial"", 7], [""INGENIERÍA INDUSTRIAL"", 12]]",1641
Encuesta Express,Programa,fisica,"[[""FISICA"", 245], [""Física"", 3], [""Fisica"", 1]]",249
Encuesta Express,Programa,economia,"[[""ECONOMIA"", 258], [""Economía"", 2]]",260
Encuesta Express,Programa,matematicas,"[[""MATEMATICAS"", 71], [""MATEMÁTICAS"", 4], [""Matemáticas"", 2]]",77
Encuesta Express,Programa,ingenieria mecanica,"[[""INGENIERIA MECANICA"", 354], [""Ingeniería Mecánica"", 1], [""INGENIERÍA MECANICA"", 1], [""Ingenieria Mecanica"", 2]]",358
Encuesta Express,Programa,ingenieria de sistemas y computacion,"[[""INGENIERÍA DE SISTEMAS Y COMPUTACION"", 60], [""Ingeniería de Sistemas y Computación"", 25], [""Ingenieria de Sistemas y Computacion"", 13]]",98
Encuesta Express,Programa,ingenieria de alimentos,"[[""INGENIERÍA DE ALIMENTOS"", 2], [""INGENIERIA DE ALIMENTOS"", 5]]",7
Encuesta Express,Programa,biologia,"[[""BIOLOGIA"", 88], [""Biologia"", 5]]",93
Encuesta Normal,Programa,ingenieria mecanica,"[[""INGENIERIA MECANICA"", 903], [""Ingenieria Mecanica"", 7], [""INGENIERÍA MECANICA"", 1]]",911
Encuesta Normal,Programa,ingenieria electrica,"[[""INGENIERIA ELECTRICA"", 358], [""INGENIERÍA ELECTRICA"", 17]]",375
Encuesta Normal,Programa,ingenieria electronica,"[[""INGENIERIA ELECTRONICA"", 791], [""Ingeniería Electrónica"", 6], [""INGENIERÍA ELECTRONICA"", 11]]",808
Encuesta Normal,Programa,ingenieria civil,"[[""INGENIERIA CIVIL"", 533], [""INGENIERÍA CIVIL"", 428]]",961
Encuesta Normal,Programa,fisica,"[[""FISICA"", 580], [""Física"", 11]]",591
Encuesta Normal,Programa,ingenieria industrial,"[[""INGENIERIA INDUSTRIAL"", 3777], [""Ingeniería Industrial"", 13], [""INGENIERÍA INDUSTRIAL"", 22]]",3812
Encuesta Normal,Programa,estudios dirigidos,"[[""ESTUDIOS DIRIGIDOS"", 344], [""Estudios Dirigidos"", 9]]",353
Encuesta Normal,Programa,matematicas,"[[""MATEMATICAS"", 172], [""Matemáticas"", 5], [""MATEMÁTICAS"", 6]]",183
Encuesta Normal,Programa,ingenieria biomedica,"[[""INGENIERIA BIOMEDICA"", 921], [""INGENIERÍA BIOMEDICA"", 6]]",927
Encuesta Normal,Programa,economia,"[[""ECONOMIA"", 704], [""Economia"", 2], [""Economía"", 10]]",716
Encuesta Normal,Programa,biologia,"[[""BIOLOGIA"", 177], [""Biología"", 1], [""Biologia"", 6]]",184
Encuesta Normal,Programa,ingenieria de sistemas y computacion,"[[""INGENIERÍA DE SISTEMAS Y COMPUTACION"", 158], [""Ingenieria de Sistemas y Computacion"", 32], [""Ingeniería de Sistemas y Computación"", 45], [""INGENIERIA DE SISTEMAS Y COMPUTACION"", 1]]",236
Encuesta Normal,Programa,ingenieria de alimentos,"[[""INGENIERÍA DE ALIMENTOS"", 17], [""INGENIERIA DE ALIMENTOS"", 25]]",42
Encuesta Reserva Express,Programa,economia,"[[""ECONOMIA"", 709], [""Economia"", 2], [""Economía"", 8]]",719
Encuesta Reserva Express,Programa,ingenieria biomedica,"[[""INGENIERIA BIOMEDICA"", 1094], [""INGENIERÍA BIOMEDICA"", 4], [""Ingenieria Biomedica"", 1], [""Ingeniería Biomédica"", 18]]",1117
Encuesta Reserva Express,Programa,ingenieria civil,"[[""INGENIERÍA CIVIL"", 901], [""Ingeniería Civil"", 14]]",915
Encuesta Reserva Express,Programa,ingenieria mecanica,"[[""INGENIERIA MECANICA"", 794], [""Ingeniería Mecánica"", 3], [""INGENIERÍA MECANICA"", 4], [""Ingenieria Mecanica"", 3]]",804
Encuesta Reserva Express,Programa,ingenieria quimica,"[[""INGENIERIA QUIMICA"", 966], [""INGENIERÍA QUIMICA"", 3], [""Ingeniería Química"", 2]]",971
Encuesta Reserva Express,Programa,fisica,"[[""FISICA"", 530], [""Física"", 13], [""Fisica"", 4]]",547
Encuesta Reserva Express,Programa,ingenieria industrial,"[[""INGENIERIA INDUSTRIAL"", 3013], [""INGENIERÍA INDUSTRIAL"", 30], [""Ingeniería Industrial"", 3]]",3046
Encuesta Reserva Express,Programa,ingenieria electronica,"[[""INGENIERIA ELECTRONICA"", 449], [""Ingenieria Electronica"", 3], [""Ingeniería Electrónica"", 12], [""INGENIERÍA ELECTRONICA"", 20]]",484
Encuesta Reserva Express,Programa,matematicas,"[[""MATEMATICAS"", 83], [""Matemáticas"", 6], [""MATEMÁTICAS"", 9]]",98
Encuesta Reserva Express,Programa,estudios dirigidos,"[[""ESTUDIOS DIRIGIDOS"", 246], [""Estudios Dirigidos"", 3]]",249
Encuesta Reserva Express,Programa,quimica,"[[""QUIMICA"", 270], [""Química"", 1]]",271
Encuesta Reserva Express,Programa,biologia,"[[""BIOLOGIA"", 614], [""Biología"", 4], [""Biologia"", 18]]",636
Encuesta Reserva Express,Programa,ingenieria de sistemas y computacion,"[[""INGENIERÍA DE SISTEMAS Y COMPUTACION"", 121], [""Ingenieria de Sistemas y Computacion"", 14], [""Ingeniería de Sistemas y Computación"", 34], [""INGENIERIA DE SISTEMAS Y COMPUTACION"", 8]]",177
Encuesta Reserva Express,Programa,extension,"[[""EXTENSIÓN"", 1], [""EXTENSION"", 23]]",24
Encuesta Reserva Normal IP,Programa,ingenieria biomedica,"[[""INGENIERIA BIOMEDICA"", 1720], [""INGENIERÍA BIOMEDICA"", 3], [""Ingeniería Biomédica"", 17]]",1740
Encuesta Reserva Normal IP,Programa,economia,"[[""ECONOMIA"", 1118], [""Economia"", 3], [""Economía"", 14]]",1135
Encuesta Reserva Normal IP,Programa,ingenieria mecanica,"[[""INGENIERIA MECANICA"", 1296], [""Ingeniería Mecánica"", 4], [""Ingenieria Mecanica"", 3], [""INGENIERÍA MECANICA"", 4]]",1307
Encuesta Reserva Normal IP,Programa,ingenieria ambiental,"[[""INGENIERIA AMBIENTAL"", 549], [""Ingeniería Ambiental"", 1]]",550
Encuesta Reserva Normal IP,Programa,ingenieria quimica,"[[""INGENIERIA QUIMICA"", 1512], [""INGENIERÍA QUIMICA"", 3], [""Ingenieria Quimica"", 1]]",1516
Encuesta Reserva Normal IP,Programa,fisica,"[[""FISICA"", 943], [""Física"", 12], [""Fisica"", 7]]",962
Encuesta Reserva Normal IP,Programa,ingenieria civil,"[[""INGENIERÍA CIVIL"", 1576], [""Ingeniería Civil"", 24], [""Ingenieria Civil"", 1]]",1601
Encuesta Reserva Normal IP,Programa,quimica,"[[""QUIMICA"", 395], [""Química"", 4]]",399
Encuesta Reserva Normal IP,Programa,ingenieria industrial,"[[""INGENIERIA INDUSTRIAL"", 5580], [""Ingeniería Industrial"", 7], [""INGENIERÍA INDUSTRIAL"", 48]]",5635
Encuesta Reserva Normal IP,Programa,ingenieria electronica,"[[""INGENIERIA ELECTRONICA"", 708], [""Ingenieria Electronica"", 4], [""INGENIERÍA ELECTRONICA"", 22], [""Ingeniería Electrónica"", 24]]",758
Encuesta Reserva Normal IP,Programa,geociencias,"[[""GEOCIENCIAS"", 519], [""Geociencias"", 7]]",526
Encuesta Reserva Normal IP,Programa,biologia,"[[""BIOLOGIA"", 1105], [""Biología"", 3], [""Biologia"", 11]]",1119
Encuesta Reserva Normal IP,Programa,matematicas,"[[""MATEMATICAS"", 99], [""Matemáticas"", 10], [""MATEMÁTICAS"", 5]]",114
Encuesta Reserva Normal IP,Programa,ingenieria de sistemas y computacion,"[[""INGENIERÍA DE SISTEMAS Y COMPUTACION"", 179], [""Ingeniería de Sistemas y Computación"", 64], [""Ingenieria de Sistemas y Computacion"", 32], [""INGENIERIA DE SISTEMAS Y COMPUTACION"", 23]]",298
Encuesta Reserva Normal IP,Programa,estudios dirigidos,"[[""ESTUDIOS DIRIGIDOS"", 435], [""Estudios Dirigidos"", 7]]",442
Encuesta Reserva Normal IP,Programa,ingenieria electrica,"[[""INGENIERIA ELECTRICA"", 350], [""INGENIERÍA ELECTRICA"", 3]]",353
Encuesta Reserva Normal IP,Programa,extension,"[[""EXTENSIÓN"", 2], [""EXTENSION"", 43]]",45
Reservas,Programa,ingenieria industrial,"[[""Ingenieria Industrial"", 1], [""INGENIERIA INDUSTRIAL"", 19198], [""INGENIERÍA INDUSTRIAL"", 252], [""Ingeniería Industrial"", 91]]",19542
Reservas,Programa,ingenieria mecanica,"[[""INGENIERIA MECANICA"", 4869], [""Ingeniería Mecánica"", 32], [""Ingenieria Mecanica"", 28], [""INGENIERÍA MECANICA"", 34]]",4963
Reservas,Programa,ingenieria electrica,"[[""INGENIERIA ELECTRICA"", 1526], [""INGENIERÍA ELECTRICA"", 45], [""Ingenieria Electrica"", 1]]",1572
Reservas,Programa,ingenieria civil,"[[""INGENIERIA CIVIL"", 1681], [""INGENIERÍA CIVIL"", 4046], [""Ingeniería Civil"", 62], [""Ingenieria Civil"", 3]]",5792
Reservas,Programa,ingenieria electronica,"[[""INGENIERIA ELECTRONICA"", 3342], [""Ingeniería Electrónica"", 123], [""Ingenieria Electronica"", 25], [""INGENIERÍA ELECTRONICA"", 114]]",3604
Reservas,Programa,ingenieria quimica,"[[""INGENIERIA QUIMICA"", 6041], [""INGENIERÍA QUIMICA"", 10], [""Ingenieria Quimica"", 4], [""Ingeniería Química"", 7]]",6062
Reservas,Programa,geociencias,"[[""GEOCIENCIAS"", 1993], [""Geociencias"", 16]]",2009
Reservas,Programa,estudios dirigidos,"[[""ESTUDIOS DIRIGIDOS"", 1519], [""Estudios Dirigidos"", 19]]",1538
Reservas,Programa,ingenieria ambiental,"[[""INGENIERIA AMBIENTAL"", 2609], [""Ingeniería Ambiental"", 8]]",2617
Reservas,Programa,fisica,"[[""FISICA"", 3561], [""Física"", 86], [""Fisica"", 22]]",3669
Reservas,Programa,ingenieria biomedica,"[[""INGENIERIA BIOMEDICA"", 5762], [""INGENIERÍA BIOMEDICA"", 37], [""Ingeniería Biomédica"", 74], [""Ingenieria Biomedica"", 9]]",5882
Reservas,Programa,matematicas,"[[""MATEMATICAS"", 877], [""Matemáticas"", 47], [""MATEMÁTICAS"", 43]]",967
Reservas,Programa,quimica,"[[""QUIMICA"", 1070], [""Química"", 2]]",1072
Reservas,Programa,economia,"[[""ECONOMIA"", 3175], [""Economia"", 16], [""Economía"", 40]]",3231
Reservas,Programa,psicologia,"[[""PSICOLOGIA"", 84], [""Psicologia"", 7]]",91
Reservas,Programa,biologia,"[[""BIOLOGIA"", 2559], [""Biología"", 19], [""Biologia"", 31]]",2609
Reservas,Programa,extension,"[[""EXTENSION"", 119], [""EXTENSIÓN"", 48]]",167
Reservas,Programa,ingenieria de sistemas y computacion,"[[""Ingeniería de Sistemas y Computación"", 397], [""INGENIERÍA DE SISTEMAS Y COMPUTACION"", 1004], [""Ingenieria de Sistemas y Computacion"", 216], [""INGENIERIA DE SISTEMAS Y COMPUTACION"", 43]]",1660
Reservas,Programa,ingenieria de alimentos,"[[""INGENIERÍA DE ALIMENTOS"", 52], [""INGENIERIA DE ALIMENTOS"", 386]]",438
Reservas,Programa,ciencia politica,"[[""CIENCIA POLITICA"", 132], [""Ciencia Política"", 1]]",133
